slug,asset,window_start,window_seconds,volume_usd,strike,sigma_per_sec,ticks,signal,signal_minute,signal_edge_up,p_poly_at_signal,p_fair_at_signal,fill_price,outcome,correct,pnl_naive,pnl_realistic,note
sol-updown-15m-1779848100,solana,2026-05-27 02:15:00+00:00,900,2334.084903999999,83.8,7.097074917341099e-05,15,DOWN,2,-0.15253360784455772,0.605,0.45246639215544227,0.41000000000000003,DOWN,True,0.605,0.585,
sol-updown-5m-1779849600,solana,2026-05-27 02:40:00+00:00,300,2322.3537780000006,83.63,7.501009429740173e-05,5,UP,1,0.16441450855481388,0.6,0.7644145085548139,0.615,UP,True,0.4,0.38,
sol-updown-15m-1779849000,solana,2026-05-27 02:30:00+00:00,900,2105.4419820000003,83.73,7.263490542785717e-05,15,DOWN,2,-0.1354091587441596,0.52,0.3845908412558404,0.495,DOWN,True,0.52,0.5,
eth-updown-5m-1779849600,ethereum,2026-05-27 02:40:00+00:00,300,6212.596566999997,2069.24,5.952172046624187e-05,5,UP,1,0.1040524648147434,0.605,0.7090524648147434,0.62,UP,True,0.395,0.375,
btc-updown-5m-1779849900,bitcoin,2026-05-27 02:45:00+00:00,300,63715.08480499995,75744.9,5e-05,5,UP,2,0.07161188756467529,0.575,0.6466118875646752,0.59,UP,True,0.42500000000000004,0.405,
sol-updown-5m-1779850200,solana,2026-05-27 02:50:00+00:00,300,2242.5327700000016,83.73,7.271732600898421e-05,5,DOWN,1,-0.06699460985546801,0.525,0.458005390144532,0.49,UP,False,-0.475,-0.495,
sol-updown-5m-1779850800,solana,2026-05-27 03:00:00+00:00,300,2981.7413229999993,83.96,7.549631985058278e-05,5,DOWN,1,-0.29693974344528684,0.535,0.2380602565547132,0.48,UP,False,-0.46499999999999997,-0.485,
btc-updown-5m-1779850800,bitcoin,2026-05-27 03:00:00+00:00,300,126257.64476299935,75879.01,5e-05,5,DOWN,1,-0.2500739387732661,0.505,0.2549260612267339,0.51,UP,False,-0.495,-0.515,
eth-updown-5m-1779850800,ethereum,2026-05-27 03:00:00+00:00,300,7851.5959290000055,2076.25,5.965942950729218e-05,5,DOWN,1,-0.14218447807974421,0.475,0.33281552192025576,0.54,UP,False,-0.525,-0.545,
btc-updown-5m-1779851100,bitcoin,2026-05-27 03:05:00+00:00,300,110099.32261399957,75924.39,5e-05,5,UP,1,0.25844845019016494,0.485,0.7434484501901649,0.5,UP,True,0.515,0.495,
sol-updown-15m-1779850800,solana,2026-05-27 03:00:00+00:00,900,3237.884437,83.96,7.549631985058278e-05,15,DOWN,1,-0.14306283761740712,0.495,0.35193716238259287,0.52,DOWN,True,0.495,0.475,
sol-updown-5m-1779851400,solana,2026-05-27 03:10:00+00:00,300,2115.589537,83.98,7.14957389969707e-05,5,DOWN,2,-0.12512125807589947,0.435,0.30987874192410053,0.58,DOWN,True,0.43500000000000005,0.41500000000000004,
btc-updown-5m-1779851400,bitcoin,2026-05-27 03:10:00+00:00,300,109027.03162399986,75923.43,5e-05,5,DOWN,1,-0.11477765458675293,0.615,0.5002223454132471,0.4,DOWN,True,0.615,0.595,
eth-updown-5m-1779851400,ethereum,2026-05-27 03:10:00+00:00,300,9403.447090000001,2078.61,5.469531973599866e-05,5,DOWN,1,-0.0709468444893353,0.455,0.3840531555106647,0.5599999999999999,DOWN,True,0.45500000000000007,0.43500000000000005,
sol-updown-5m-1779852000,solana,2026-05-27 03:20:00+00:00,300,3298.9866559999996,83.84,6.314584198171168e-05,5,UP,1,0.11666940082239863,0.335,0.45166940082239865,0.35000000000000003,UP,True,0.665,0.6449999999999999,
eth-updown-5m-1779852000,ethereum,2026-05-27 03:20:00+00:00,300,11012.169166999993,2076.65,5e-05,5,DOWN,1,-0.12333311615373593,0.405,0.2816668838462641,0.61,UP,False,-0.595,-0.615,
sol-updown-15m-1779851700,solana,2026-05-27 03:15:00+00:00,900,2876.731946999998,83.91,6.94626213564679e-05,15,DOWN,1,-0.06320268796581979,0.54,0.47679731203418024,0.475,DOWN,True,0.54,0.52,
eth-updown-15m-1779851700,ethereum,2026-05-27 03:15:00+00:00,900,11639.459049000001,2077.14,5.3653189356400964e-05,15,UP,4,0.07369215136318114,0.36,0.4336921513631811,0.375,DOWN,False,-0.36,-0.38,
sol-updown-5m-1779852600,solana,2026-05-27 03:30:00+00:00,300,1921.0150000000008,83.89,6.206604320075833e-05,5,UP,1,0.053087119704012364,0.545,0.5980871197040124,0.56,DOWN,False,-0.545,-0.5650000000000001,
sol-updown-5m-1779853200,solana,2026-05-27 03:40:00+00:00,300,4750.131078,83.72,5.9000263626326855e-05,5,UP,1,0.23953190068465763,0.46,0.6995319006846576,0.47500000000000003,DOWN,False,-0.46,-0.48000000000000004,
sol-updown-15m-1779852600,solana,2026-05-27 03:30:00+00:00,900,1725.2988099999998,83.89,6.206604320075833e-05,15,DOWN,2,-0.12206965679891046,0.595,0.4729303432010895,0.42000000000000004,DOWN,True,0.595,0.575,
btc-updown-5m-1779853500,bitcoin,2026-05-27 03:45:00+00:00,300,152795.22700400028,75764.0,5e-05,5,DOWN,2,-0.07885689194403989,0.505,0.4261431080559601,0.51,DOWN,True,0.505,0.485,
btc-updown-5m-1779853800,bitcoin,2026-05-27 03:50:00+00:00,300,150996.28964199987,75664.31,5e-05,5,UP,1,0.09646329482202937,0.445,0.5414632948220294,0.46,UP,True,0.5549999999999999,0.535,
sol-updown-5m-1779854100,solana,2026-05-27 03:55:00+00:00,300,3275.7306519999984,83.62,6.171268197774128e-05,5,DOWN,1,-0.08980929587137754,0.59,0.5001907041286224,0.42500000000000004,UP,False,-0.41000000000000003,-0.43000000000000005,
sol-updown-15m-1779853500,solana,2026-05-27 03:45:00+00:00,900,1825.2262970000006,83.72,5.875320305315785e-05,15,DOWN,1,-0.11762388600773904,0.59,0.4723761139922609,0.42500000000000004,DOWN,True,0.59,0.57,
btc-updown-5m-1779854100,bitcoin,2026-05-27 03:55:00+00:00,300,86837.42928899993,75673.28,5e-05,5,UP,1,0.07431669374877514,0.505,0.5793166937487751,0.52,DOWN,False,-0.505,-0.525,
eth-updown-15m-1779853500,ethereum,2026-05-27 03:45:00+00:00,900,8185.391966000007,2073.44,5e-05,15,DOWN,1,-0.051247803774251866,0.525,0.47375219622574816,0.49,DOWN,True,0.525,0.505,
sol-updown-5m-1779854400,solana,2026-05-27 04:00:00+00:00,300,2572.647527,83.62,5.759529592162532e-05,5,UP,1,0.09916999016539774,0.605,0.7041699901653977,0.62,UP,True,0.395,0.375,
btc-updown-5m-1779854400,bitcoin,2026-05-27 04:00:00+00:00,300,62445.317151000025,75683.0,5e-05,5,UP,1,0.05290563330056053,0.525,0.5779056333005606,0.54,DOWN,False,-0.525,-0.545,
eth-updown-5m-1779854400,ethereum,2026-05-27 04:00:00+00:00,300,11521.501883000006,2070.01,5.2024844141681775e-05,5,UP,1,0.16786150462382532,0.585,0.7528615046238253,0.6,DOWN,False,-0.585,-0.605,
btc-updown-5m-1779854700,bitcoin,2026-05-27 04:05:00+00:00,300,76597.45663600025,75658.83,5e-05,5,UP,1,0.16085565256268108,0.395,0.5558556525626811,0.41000000000000003,UP,True,0.605,0.585,
sol-updown-15m-1779854400,solana,2026-05-27 04:00:00+00:00,900,3080.2294419999994,83.62,5.759529592162532e-05,15,UP,1,0.1130706069574251,0.5,0.6130706069574251,0.515,DOWN,False,-0.5,-0.52,
eth-updown-15m-1779854400,ethereum,2026-05-27 04:00:00+00:00,900,8357.433184,2070.01,5.2024844141681775e-05,15,UP,1,0.08277882298925088,0.56,0.6427788229892509,0.5750000000000001,DOWN,False,-0.56,-0.5800000000000001,
sol-updown-5m-1779855600,solana,2026-05-27 04:20:00+00:00,300,2527.416687,83.43,6.143440240517322e-05,5,DOWN,1,-0.21265889622572587,0.52,0.30734110377427415,0.495,UP,False,-0.48,-0.5,
eth-updown-5m-1779855600,ethereum,2026-05-27 04:20:00+00:00,300,8473.471085,2064.61,5.7938648449676306e-05,5,UP,2,0.2666486985672495,0.535,0.8016486985672495,0.55,UP,True,0.46499999999999997,0.44499999999999995,
sol-updown-15m-1779855300,solana,2026-05-27 04:15:00+00:00,900,3230.145503999998,83.56,5.54783162734686e-05,15,DOWN,1,-0.21717494541757387,0.545,0.32782505458242617,0.47,DOWN,True,0.545,0.525,
eth-updown-15m-1779855300,ethereum,2026-05-27 04:15:00+00:00,900,8209.298033,2068.45,5.076159542079309e-05,15,DOWN,1,-0.28724463607110806,0.595,0.3077553639288919,0.42000000000000004,DOWN,True,0.595,0.575,
sol-updown-5m-1779856200,solana,2026-05-27 04:30:00+00:00,300,3189.3206599999994,83.42,6.37736531434258e-05,5,DOWN,1,-0.40999997804035687,0.41,2.195964310391929e-08,0.6050000000000001,DOWN,True,0.4099999999999999,0.3899999999999999,
btc-updown-5m-1779856200,bitcoin,2026-05-27 04:30:00+00:00,300,95356.57613799995,75509.15,5e-05,5,DOWN,1,-0.4496179608100483,0.465,0.015382039189951735,0.5499999999999999,DOWN,True,0.4650000000000001,0.44500000000000006,
eth-updown-5m-1779856200,ethereum,2026-05-27 04:30:00+00:00,300,16300.204805999996,2064.84,5.865146522550449e-05,5,DOWN,1,-0.5248873288190916,0.525,0.00011267118090835249,0.49,DOWN,True,0.525,0.505,
btc-updown-5m-1779856500,bitcoin,2026-05-27 04:35:00+00:00,300,64348.65117699984,75351.18,5e-05,5,DOWN,1,-0.08284210527465946,0.575,0.4921578947253405,0.44000000000000006,UP,False,-0.42500000000000004,-0.44500000000000006,
sol-updown-15m-1779856200,solana,2026-05-27 04:30:00+00:00,900,7181.0966199999975,83.42,6.37736531434258e-05,15,DOWN,1,-0.5132804146067085,0.515,0.0017195853932914784,0.5,DOWN,True,0.515,0.495,
eth-updown-15m-1779856200,ethereum,2026-05-27 04:30:00+00:00,900,18249.68915000001,2064.84,5.865146522550449e-05,15,DOWN,1,-0.5556450651416573,0.58,0.024354934858342614,0.43500000000000005,DOWN,True,0.58,0.5599999999999999,
sol-updown-15m-1779857100,solana,2026-05-27 04:45:00+00:00,900,3287.4692729999997,83.22,0.0001109876968300686,15,UP,1,0.10181931030677205,0.585,0.686819310306772,0.6,UP,True,0.41500000000000004,0.395,
btc-updown-5m-1779857700,bitcoin,2026-05-27 04:55:00+00:00,300,60747.37945799996,75599.13,5.100816316402106e-05,5,DOWN,1,-0.055462581743817574,0.505,0.44953741825618243,0.51,DOWN,True,0.505,0.485,
eth-updown-5m-1779857700,ethereum,2026-05-27 04:55:00+00:00,300,8364.416651999996,2072.61,8.496599603944866e-05,5,DOWN,2,-0.12355097039892876,0.585,0.4614490296010712,0.43000000000000005,DOWN,True,0.585,0.565,
sol-updown-5m-1779858000,solana,2026-05-27 05:00:00+00:00,300,3303.0727880000013,83.64,0.00011290120947324593,5,UP,1,0.06804851817013335,0.54,0.6080485181701334,0.555,UP,True,0.45999999999999996,0.43999999999999995,
btc-updown-5m-1779858000,bitcoin,2026-05-27 05:00:00+00:00,300,106493.46371699958,75579.01,5e-05,5,UP,1,0.15278091215335354,0.525,0.6777809121533536,0.54,UP,True,0.475,0.45499999999999996,
eth-updown-5m-1779858000,ethereum,2026-05-27 05:00:00+00:00,300,7412.036551000001,2072.21,8.435810848444396e-05,5,UP,1,0.19233539662450594,0.475,0.6673353966245059,0.49,UP,True,0.525,0.505,
eth-updown-5m-1779858300,ethereum,2026-05-27 05:05:00+00:00,300,13008.413615000005,2073.34,8.5379245455921e-05,5,DOWN,2,-0.12962661301904116,0.535,0.40537338698095887,0.48,DOWN,True,0.535,0.515,
sol-updown-15m-1779858000,solana,2026-05-27 05:00:00+00:00,900,1945.6879599999995,83.64,0.00011290120947324593,15,UP,3,0.10941249306064338,0.515,0.6244124930606434,0.53,UP,True,0.485,0.46499999999999997,
sol-updown-5m-1779858600,solana,2026-05-27 05:10:00+00:00,300,1793.3962710000005,83.73,0.00011385117714386427,5,DOWN,1,-0.10352068680974175,0.55,0.4464793131902583,0.46499999999999997,DOWN,True,0.55,0.53,
btc-updown-5m-1779858600,bitcoin,2026-05-27 05:10:00+00:00,300,64526.809501,75640.0,5.055439748375678e-05,5,DOWN,2,-0.1297694406055131,0.495,0.3652305593944869,0.52,DOWN,True,0.495,0.475,
eth-updown-15m-1779858000,ethereum,2026-05-27 05:00:00+00:00,900,7989.462683000006,2072.21,8.435810848444396e-05,15,UP,1,0.08676598109488942,0.505,0.5917659810948894,0.52,UP,True,0.495,0.475,
eth-updown-5m-1779858600,ethereum,2026-05-27 05:10:00+00:00,300,6944.497931,2073.2,8.54781631650445e-05,5,DOWN,2,-0.05218750772160963,0.435,0.38281249227839037,0.58,DOWN,True,0.43500000000000005,0.41500000000000004,
btc-updown-5m-1779858900,bitcoin,2026-05-27 05:15:00+00:00,300,113116.3053099998,75629.99,5e-05,5,UP,1,0.0807690166273255,0.325,0.4057690166273255,0.34,DOWN,False,-0.325,-0.34500000000000003,
sol-updown-5m-1779859200,solana,2026-05-27 05:20:00+00:00,300,4866.568663000004,83.66,0.0001104008303187779,5,DOWN,1,-0.15633918556554482,0.52,0.3636608144344552,0.495,UP,False,-0.48,-0.5,
btc-updown-5m-1779859200,bitcoin,2026-05-27 05:20:00+00:00,300,116503.53053200005,75618.0,5e-05,5,UP,1,0.09884160822150495,0.415,0.5138416082215049,0.43,UP,True,0.585,0.5650000000000001,
sol-updown-15m-1779858900,solana,2026-05-27 05:15:00+00:00,900,2872.7786109999997,83.69,0.00011324915394680094,15,DOWN,1,-0.058371167080767894,0.53,0.47162883291923213,0.485,UP,False,-0.47,-0.49,
btc-updown-5m-1779859500,bitcoin,2026-05-27 05:25:00+00:00,300,151128.89035199964,75670.96,5e-05,5,UP,1,0.12945321671486476,0.315,0.44445321671486476,0.33,DOWN,False,-0.315,-0.335,
sol-updown-5m-1779859800,solana,2026-05-27 05:30:00+00:00,300,2756.2400060000004,83.77,5.7288050929156106e-05,5,DOWN,1,-0.05832651827158031,0.505,0.4466734817284197,0.51,DOWN,True,0.505,0.485,
btc-updown-5m-1779859800,bitcoin,2026-05-27 05:30:00+00:00,300,75583.95991999979,75655.0,5e-05,5,UP,1,0.19996921330398953,0.525,0.7249692133039896,0.54,DOWN,False,-0.525,-0.545,
eth-updown-5m-1779859800,ethereum,2026-05-27 05:30:00+00:00,300,6158.767205999999,2075.87,5.168792915682324e-05,5,UP,2,0.0622406571820604,0.515,0.5772406571820604,0.53,DOWN,False,-0.515,-0.535,
eth-updown-5m-1779860100,ethereum,2026-05-27 05:35:00+00:00,300,7846.3091200000035,2073.81,5.2109762292624774e-05,5,UP,1,0.22692822215450303,0.5,0.726928222154503,0.515,UP,True,0.5,0.48,
sol-updown-15m-1779859800,solana,2026-05-27 05:30:00+00:00,900,4241.643731999998,83.77,5.7288050929156106e-05,15,DOWN,3,-0.17585612000424572,0.525,0.3491438799957543,0.49,DOWN,True,0.525,0.505,
btc-updown-5m-1779860400,bitcoin,2026-05-27 05:40:00+00:00,300,60496.28581299998,75682.54,5e-05,5,DOWN,2,-0.18568131035895558,0.305,0.11931868964104442,0.7100000000000001,DOWN,True,0.30499999999999994,0.2849999999999999,
eth-updown-15m-1779859800,ethereum,2026-05-27 05:30:00+00:00,900,6876.883600000001,2075.87,5.168792915682324e-05,15,UP,1,0.0747753942157679,0.455,0.5297753942157679,0.47000000000000003,DOWN,False,-0.455,-0.47500000000000003,
btc-updown-5m-1779860700,bitcoin,2026-05-27 05:45:00+00:00,300,67293.59621900006,75635.5,5e-05,5,UP,1,0.1060240263698472,0.505,0.6110240263698472,0.52,UP,True,0.495,0.475,
sol-updown-5m-1779861000,solana,2026-05-27 05:50:00+00:00,300,5394.740179000001,83.77,5.4759943439717695e-05,5,UP,1,0.18921924439880344,0.57,0.7592192443988034,0.585,UP,True,0.43000000000000005,0.41000000000000003,
btc-updown-5m-1779861000,bitcoin,2026-05-27 05:50:00+00:00,300,103818.71238599962,75642.0,5e-05,5,UP,1,0.1967087231282506,0.495,0.6917087231282506,0.51,UP,True,0.505,0.485,
eth-updown-5m-1779861000,ethereum,2026-05-27 05:50:00+00:00,300,6086.867137000002,2075.01,5e-05,5,UP,1,0.3330568502984309,0.49,0.8230568502984309,0.505,UP,True,0.51,0.49,
btc-updown-5m-1779861300,bitcoin,2026-05-27 05:55:00+00:00,300,120845.45142499969,75705.68,5e-05,5,UP,1,0.0780990160328392,0.515,0.5930990160328392,0.53,DOWN,False,-0.515,-0.535,
eth-updown-5m-1779861300,ethereum,2026-05-27 05:55:00+00:00,300,11837.629921999996,2077.21,5e-05,5,DOWN,2,-0.05200321221169124,0.555,0.5029967877883088,0.45999999999999996,UP,False,-0.44499999999999995,-0.46499999999999997,
sol-updown-5m-1779861600,solana,2026-05-27 06:00:00+00:00,300,3163.05229,83.89,5.421794217937117e-05,5,DOWN,1,-0.1465849174830801,0.535,0.3884150825169199,0.48,UP,False,-0.46499999999999997,-0.485,
btc-updown-5m-1779861600,bitcoin,2026-05-27 06:00:00+00:00,300,89691.73362399993,75697.99,5e-05,5,DOWN,2,-0.2407279865656201,0.785,0.5442720134343799,0.22999999999999998,UP,False,-0.21499999999999997,-0.235,
eth-updown-5m-1779861600,ethereum,2026-05-27 06:00:00+00:00,300,8440.761317,2077.38,5e-05,5,UP,1,0.0684845975268098,0.525,0.5934845975268098,0.54,UP,True,0.475,0.45499999999999996,
btc-updown-5m-1779861900,bitcoin,2026-05-27 06:05:00+00:00,300,62627.36668299993,75737.55,5e-05,5,UP,1,0.1835755022058121,0.585,0.7685755022058121,0.6,UP,True,0.41500000000000004,0.395,
eth-updown-5m-1779861900,ethereum,2026-05-27 06:05:00+00:00,300,11683.887896999997,2078.07,5e-05,5,UP,1,0.3131632828598644,0.47,0.7831632828598644,0.485,UP,True,0.53,0.51,
sol-updown-15m-1779861600,solana,2026-05-27 06:00:00+00:00,900,2993.1709329999985,83.89,5.421794217937117e-05,15,DOWN,2,-0.20556670555577722,0.445,0.2394332944442228,0.57,DOWN,True,0.44500000000000006,0.42500000000000004,
sol-updown-5m-1779862200,solana,2026-05-27 06:10:00+00:00,300,1836.7762640000005,83.94,5.7802781898381206e-05,5,DOWN,1,-0.20195618401222504,0.455,0.253043815987775,0.5599999999999999,DOWN,True,0.45500000000000007,0.43500000000000005,
sol-updown-5m-1779862500,solana,2026-05-27 06:15:00+00:00,300,3005.905516000001,83.85,5.859244069416084e-05,5,DOWN,1,-0.10028358368996831,0.4,0.2997164163100317,0.615,DOWN,True,0.4,0.38,
eth-updown-5m-1779862500,ethereum,2026-05-27 06:15:00+00:00,300,8629.630641000005,2076.11,5e-05,5,DOWN,1,-0.1009470635939837,0.435,0.3340529364060163,0.58,UP,False,-0.565,-0.585,
btc-updown-5m-1779862800,bitcoin,2026-05-27 06:20:00+00:00,300,78389.69257100007,75730.0,5e-05,5,DOWN,1,-0.054845490323053525,0.555,0.5001545096769465,0.45999999999999996,DOWN,True,0.555,0.535,
btc-updown-5m-1779863400,bitcoin,2026-05-27 06:30:00+00:00,300,71219.69161399992,75744.56,5e-05,5,UP,1,0.35260689483532615,0.505,0.8576068948353262,0.52,DOWN,False,-0.505,-0.525,
eth-updown-5m-1779863400,ethereum,2026-05-27 06:30:00+00:00,300,11610.353957,2077.8,5e-05,5,UP,1,0.4662301240576583,0.475,0.9412301240576583,0.49,UP,True,0.525,0.505,
btc-updown-5m-1779864600,bitcoin,2026-05-27 06:50:00+00:00,300,67933.05982800004,75856.65,5e-05,5,UP,1,0.05788642107370495,0.465,0.522886421073705,0.48000000000000004,UP,True,0.5349999999999999,0.515,
sol-updown-15m-1779864300,solana,2026-05-27 06:45:00+00:00,900,3151.018751000001,84.03,6.303055228882799e-05,15,UP,2,0.08911721656184884,0.465,0.5541172165618489,0.48000000000000004,UP,True,0.5349999999999999,0.515,
eth-updown-15m-1779864300,ethereum,2026-05-27 06:45:00+00:00,900,8974.669188000002,2080.67,5e-05,15,UP,2,0.16911362223961274,0.425,0.5941136222396127,0.44,DOWN,False,-0.425,-0.445,
sol-updown-5m-1779865200,solana,2026-05-27 07:00:00+00:00,300,2478.57662,84.06,6.366453688970577e-05,5,DOWN,4,-0.16959713532931098,0.765,0.595402864670689,0.25,DOWN,True,0.765,0.745,
eth-updown-5m-1779865200,ethereum,2026-05-27 07:00:00+00:00,300,7578.259354000008,2079.62,5e-05,5,UP,1,0.0855934899954579,0.515,0.6005934899954579,0.53,DOWN,False,-0.515,-0.535,
sol-updown-5m-1779865800,solana,2026-05-27 07:10:00+00:00,300,2095.450483000001,83.95,5.7472649519185494e-05,5,DOWN,1,-0.19815237492725452,0.45,0.2518476250727455,0.5650000000000001,DOWN,True,0.44999999999999996,0.42999999999999994,
sol-updown-15m-1779865200,solana,2026-05-27 07:00:00+00:00,900,1731.5022529999999,84.06,6.366453688970577e-05,15,DOWN,4,-0.05568500021505651,0.585,0.5293149997849435,0.43000000000000005,DOWN,True,0.585,0.565,
btc-updown-5m-1779867000,bitcoin,2026-05-27 07:30:00+00:00,300,68684.98332599994,75863.84,5e-05,5,UP,1,0.11674257128859244,0.495,0.6117425712885924,0.51,UP,True,0.505,0.485,
btc-updown-5m-1779867300,bitcoin,2026-05-27 07:35:00+00:00,300,63442.31539499998,75938.37,5e-05,5,UP,1,0.18973323649903961,0.47,0.6597332364990396,0.485,DOWN,False,-0.47,-0.49,
eth-updown-5m-1779867300,ethereum,2026-05-27 07:35:00+00:00,300,8080.251922999994,2080.8,5e-05,5,UP,1,0.10629854054651089,0.555,0.6612985405465109,0.5700000000000001,DOWN,False,-0.555,-0.5750000000000001,
sol-updown-15m-1779867000,solana,2026-05-27 07:30:00+00:00,900,2250.868989999999,84.07,5.057607178621775e-05,15,DOWN,1,-0.20918210682275407,0.645,0.43581789317724595,0.37,DOWN,True,0.645,0.625,
eth-updown-5m-1779867600,ethereum,2026-05-27 07:40:00+00:00,300,9302.155708000004,2079.72,5e-05,5,DOWN,2,-0.15132856286771879,0.485,0.3336714371322812,0.53,UP,False,-0.515,-0.535,
eth-updown-15m-1779867000,ethereum,2026-05-27 07:30:00+00:00,900,6094.365552000004,2080.0,5e-05,15,UP,2,0.1681861502468438,0.395,0.5631861502468438,0.41000000000000003,DOWN,False,-0.395,-0.41500000000000004,
btc-updown-5m-1779868800,bitcoin,2026-05-27 08:00:00+00:00,300,64680.07765499991,75977.16,5e-05,5,UP,2,0.2864924301707843,0.345,0.6314924301707843,0.36,UP,True,0.655,0.635,
eth-updown-5m-1779868800,ethereum,2026-05-27 08:00:00+00:00,300,7478.316632000003,2083.77,5e-05,5,UP,1,0.1806053492048269,0.415,0.5956053492048269,0.43,UP,True,0.585,0.5650000000000001,
sol-updown-5m-1779869100,solana,2026-05-27 08:05:00+00:00,300,2268.4631330000007,84.23,5e-05,5,UP,1,0.3261302047671988,0.495,0.8211302047671988,0.51,DOWN,False,-0.495,-0.515,
eth-updown-5m-1779869100,ethereum,2026-05-27 08:05:00+00:00,300,11692.106405999997,2086.19,5e-05,5,UP,1,0.1636669926995898,0.465,0.6286669926995898,0.48000000000000004,DOWN,False,-0.465,-0.48500000000000004,
sol-updown-5m-1779869400,solana,2026-05-27 08:10:00+00:00,300,2372.675544,84.15,5e-05,5,UP,1,0.12064778977054291,0.5,0.6206477897705429,0.515,DOWN,False,-0.5,-0.52,
sol-updown-15m-1779868800,solana,2026-05-27 08:00:00+00:00,900,1889.3469069999996,84.2,5e-05,15,UP,1,0.07294511032910728,0.46,0.5329451103291073,0.47500000000000003,DOWN,False,-0.46,-0.48000000000000004,
eth-updown-5m-1779869700,ethereum,2026-05-27 08:15:00+00:00,300,8138.886415999993,2085.95,5e-05,5,UP,1,0.05482840587530324,0.47,0.5248284058753032,0.485,UP,True,0.53,0.51,
sol-updown-5m-1779870000,solana,2026-05-27 08:20:00+00:00,300,2315.005861,84.14,5e-05,5,UP,1,0.08112112177184949,0.48,0.5611211217718495,0.495,UP,True,0.52,0.5,
eth-updown-15m-1779869700,ethereum,2026-05-27 08:15:00+00:00,900,7767.017092999999,2085.95,5e-05,15,UP,1,0.10848382402566492,0.405,0.513483824025665,0.42000000000000004,UP,True,0.595,0.575,
eth-updown-5m-1779870300,ethereum,2026-05-27 08:25:00+00:00,300,7533.714544,2088.41,5e-05,5,UP,1,0.2898500282663415,0.46,0.7498500282663415,0.47500000000000003,UP,True,0.54,0.5199999999999999,
eth-updown-5m-1779870600,ethereum,2026-05-27 08:30:00+00:00,300,9335.505829000003,2093.89,6.1949814848417e-05,5,DOWN,2,-0.2842275378623099,0.535,0.2507724621376901,0.48,DOWN,True,0.535,0.515,
eth-updown-5m-1779870900,ethereum,2026-05-27 08:35:00+00:00,300,6788.695530000002,2092.34,6.0209092801345105e-05,5,UP,2,0.11756482272335517,0.425,0.5425648227233552,0.44,UP,True,0.575,0.555,
eth-updown-15m-1779870600,ethereum,2026-05-27 08:30:00+00:00,900,8534.301616999997,2093.89,6.1949814848417e-05,15,UP,1,0.07641928959476157,0.425,0.5014192895947616,0.44,DOWN,False,-0.425,-0.445,
eth-updown-5m-1779871200,ethereum,2026-05-27 08:40:00+00:00,300,6231.720529000003,2094.29,5.9663887170804066e-05,5,DOWN,1,-0.3030990043531403,0.465,0.16190099564685972,0.5499999999999999,DOWN,True,0.4650000000000001,0.44500000000000006,
btc-updown-5m-1779872700,bitcoin,2026-05-27 09:05:00+00:00,300,69868.35162999983,75760.01,5e-05,5,UP,1,0.18239454079093342,0.555,0.7373945407909335,0.5700000000000001,UP,True,0.44499999999999995,0.42499999999999993,
eth-updown-5m-1779872700,ethereum,2026-05-27 09:05:00+00:00,300,6640.863437,2080.02,7.362374643942814e-05,5,UP,1,0.1740356281671025,0.54,0.7140356281671025,0.555,UP,True,0.45999999999999996,0.43999999999999995,
eth-updown-5m-1779873300,ethereum,2026-05-27 09:15:00+00:00,300,10340.621356,2080.72,7.519076934853492e-05,5,DOWN,1,-0.08093254162863145,0.545,0.4640674583713686,0.47,UP,False,-0.45499999999999996,-0.475,
sol-updown-5m-1779873600,solana,2026-05-27 09:20:00+00:00,300,3054.323182000001,83.71,6.402033796184937e-05,5,UP,1,0.29238141194626377,0.54,0.8323814119462638,0.555,UP,True,0.45999999999999996,0.43999999999999995,
btc-updown-5m-1779873900,bitcoin,2026-05-27 09:25:00+00:00,300,66493.35647999962,75833.09,5e-05,5,UP,1,0.07391163705797543,0.515,0.5889116370579754,0.53,DOWN,False,-0.515,-0.535,
sol-updown-5m-1779874800,solana,2026-05-27 09:40:00+00:00,300,2212.535469,83.92,6.720455194233782e-05,5,DOWN,1,-0.1663095744346682,0.49,0.3236904255653318,0.525,DOWN,True,0.49,0.47,
sol-updown-15m-1779874200,solana,2026-05-27 09:30:00+00:00,900,1746.2369860000001,83.67,6.099485921570098e-05,15,DOWN,1,-0.09660088903729258,0.57,0.47339911096270737,0.44500000000000006,UP,False,-0.43000000000000005,-0.45000000000000007,
btc-updown-5m-1779875100,bitcoin,2026-05-27 09:45:00+00:00,300,75934.07256100004,75934.09,5e-05,5,DOWN,2,-0.12681084171845036,0.415,0.2881891582815496,0.6,DOWN,True,0.41500000000000004,0.395,
btc-updown-5m-1779875400,bitcoin,2026-05-27 09:50:00+00:00,300,124700.74886300015,75928.07,5e-05,5,DOWN,2,-0.359723275881231,0.535,0.17527672411876905,0.48,UP,False,-0.46499999999999997,-0.485,
eth-updown-15m-1779875100,ethereum,2026-05-27 09:45:00+00:00,900,12483.782555,2086.28,6.250956796853381e-05,15,DOWN,2,-0.1196447275664243,0.495,0.3753552724335757,0.52,DOWN,True,0.495,0.475,
btc-updown-5m-1779876300,bitcoin,2026-05-27 10:05:00+00:00,300,72459.31071000006,75904.0,5e-05,5,DOWN,1,-0.056277422776086494,0.535,0.47872257722391354,0.48,DOWN,True,0.535,0.515,
sol-updown-5m-1779876600,solana,2026-05-27 10:10:00+00:00,300,1957.8616150000007,83.78,6.005310181750256e-05,5,UP,2,0.09516071327645659,0.405,0.5001607132764566,0.42000000000000004,UP,True,0.595,0.575,
sol-updown-15m-1779876000,solana,2026-05-27 10:00:00+00:00,900,1882.611574,83.78,6.886680570015625e-05,15,DOWN,1,-0.11718558567089288,0.5,0.3828144143291071,0.515,UP,False,-0.5,-0.52,
btc-updown-5m-1779877200,bitcoin,2026-05-27 10:20:00+00:00,300,64126.15679599991,75978.0,5e-05,5,DOWN,2,-0.08994542790874549,0.475,0.3850545720912545,0.54,UP,False,-0.525,-0.545,
btc-updown-5m-1779877500,bitcoin,2026-05-27 10:25:00+00:00,300,80656.11483599996,76006.58,5e-05,5,UP,1,0.2374741724582234,0.415,0.6524741724582234,0.43,DOWN,False,-0.415,-0.435,
sol-updown-5m-1779877800,solana,2026-05-27 10:30:00+00:00,300,2101.513904,84.02,5.712854935599009e-05,5,UP,1,0.0636603664304084,0.49,0.5536603664304084,0.505,DOWN,False,-0.49,-0.51,
btc-updown-5m-1779877800,bitcoin,2026-05-27 10:30:00+00:00,300,84077.91239800004,76000.0,5e-05,5,UP,1,0.07399282814812314,0.495,0.5689928281481231,0.51,DOWN,False,-0.495,-0.515,
btc-updown-5m-1779878100,bitcoin,2026-05-27 10:35:00+00:00,300,87322.11549199962,75913.18,5e-05,5,DOWN,2,-0.1106705779108732,0.755,0.6443294220891268,0.26,DOWN,True,0.755,0.735,
eth-updown-5m-1779878100,ethereum,2026-05-27 10:35:00+00:00,300,10035.539364000007,2082.58,5.387018605677916e-05,5,UP,1,0.1244882039377101,0.515,0.6394882039377101,0.53,DOWN,False,-0.515,-0.535,
btc-updown-5m-1779878400,bitcoin,2026-05-27 10:40:00+00:00,300,75313.79715199997,75892.0,5e-05,5,DOWN,1,-0.06233610397656375,0.485,0.42266389602343624,0.53,UP,False,-0.515,-0.535,
eth-updown-15m-1779877800,ethereum,2026-05-27 10:30:00+00:00,900,6055.989275,2085.52,5.495081914621822e-05,15,DOWN,3,-0.09058035417646093,0.525,0.4344196458235391,0.49,DOWN,True,0.525,0.505,
btc-updown-5m-1779878700,bitcoin,2026-05-27 10:45:00+00:00,300,73849.3105340001,75915.86,5e-05,5,UP,1,0.1443416839072892,0.515,0.6593416839072892,0.53,UP,True,0.485,0.46499999999999997,
sol-updown-5m-1779879000,solana,2026-05-27 10:50:00+00:00,300,1905.6027789999996,83.92,5.6752247466150105e-05,5,UP,1,0.06298376945830342,0.595,0.6579837694583034,0.61,UP,True,0.405,0.385,
btc-updown-5m-1779879300,bitcoin,2026-05-27 10:55:00+00:00,300,124324.89227199995,75935.26,5e-05,5,DOWN,1,-0.05383068933297125,0.505,0.45116931066702876,0.51,DOWN,True,0.505,0.485,
eth-updown-5m-1779879300,ethereum,2026-05-27 10:55:00+00:00,300,7716.961972000005,2080.11,5e-05,5,UP,1,0.08296484028779849,0.52,0.6029648402877985,0.535,DOWN,False,-0.52,-0.54,
btc-updown-5m-1779879600,bitcoin,2026-05-27 11:00:00+00:00,300,79900.82373699988,75909.82,5e-05,5,UP,1,0.06261010244577464,0.465,0.5276101024457747,0.48000000000000004,UP,True,0.5349999999999999,0.515,
btc-updown-5m-1779879900,bitcoin,2026-05-27 11:05:00+00:00,300,84073.65454599982,75969.22,5e-05,5,DOWN,2,-0.058586443113712194,0.59,0.5314135568862878,0.42500000000000004,DOWN,True,0.59,0.57,
btc-updown-5m-1779880200,bitcoin,2026-05-27 11:10:00+00:00,300,73812.75373899996,75946.01,5e-05,5,DOWN,1,-0.07573923216464107,0.495,0.4192607678353589,0.52,UP,False,-0.505,-0.525,
btc-updown-5m-1779880500,bitcoin,2026-05-27 11:15:00+00:00,300,80701.84366599986,75959.97,5e-05,5,UP,1,0.30721008356537705,0.565,0.872210083565377,0.58,UP,True,0.43500000000000005,0.41500000000000004,
btc-updown-5m-1779880800,bitcoin,2026-05-27 11:20:00+00:00,300,95322.41124599993,75982.0,5e-05,5,UP,1,0.1181351627579803,0.495,0.6131351627579803,0.51,UP,True,0.505,0.485,
sol-updown-15m-1779880500,solana,2026-05-27 11:15:00+00:00,900,2187.6771889999995,84.1,6.052052047166116e-05,15,UP,1,0.5059651846500761,0.305,0.810965184650076,0.32,DOWN,False,-0.305,-0.325,
eth-updown-15m-1779880500,ethereum,2026-05-27 11:15:00+00:00,900,9196.930385000001,2082.22,5e-05,15,UP,1,0.2324305149611703,0.5,0.7324305149611703,0.515,UP,True,0.5,0.48,
sol-updown-5m-1779881400,solana,2026-05-27 11:30:00+00:00,300,3150.658018000001,84.1,6.945246127112417e-05,5,DOWN,1,-0.36298722839643743,0.475,0.11201277160356254,0.54,DOWN,True,0.475,0.45499999999999996,
btc-updown-5m-1779881400,bitcoin,2026-05-27 11:30:00+00:00,300,67535.28430899991,75916.11,5e-05,5,DOWN,1,-0.36953619955147865,0.515,0.14546380044852136,0.5,DOWN,True,0.515,0.495,
sol-updown-5m-1779881700,solana,2026-05-27 11:35:00+00:00,300,2517.997001,84.04,7.264389829641664e-05,5,UP,1,0.11964529995019868,0.505,0.6246452999501987,0.52,UP,True,0.495,0.475,
btc-updown-5m-1779881700,bitcoin,2026-05-27 11:35:00+00:00,300,69124.811689,75842.16,5e-05,5,UP,1,0.06052042085804987,0.505,0.5655204208580499,0.52,UP,True,0.495,0.475,
sol-updown-15m-1779881400,solana,2026-05-27 11:30:00+00:00,900,3490.7561039999987,84.1,6.945246127112417e-05,15,DOWN,1,-0.18689655706549796,0.445,0.25810344293450205,0.57,DOWN,True,0.44500000000000006,0.42500000000000004,
sol-updown-5m-1779882000,solana,2026-05-27 11:40:00+00:00,300,1896.168122999998,84.12,7.471192591641584e-05,5,DOWN,1,-0.3288303588958051,0.565,0.23616964110419486,0.45000000000000007,DOWN,True,0.565,0.5449999999999999,
eth-updown-15m-1779881400,ethereum,2026-05-27 11:30:00+00:00,900,9678.9995,2083.14,5.021191472055321e-05,15,DOWN,1,-0.2316723582931537,0.475,0.2433276417068463,0.54,DOWN,True,0.475,0.45499999999999996,
btc-updown-5m-1779882600,bitcoin,2026-05-27 11:50:00+00:00,300,83875.05152299997,75787.17,5e-05,5,UP,2,0.06544846645413993,0.575,0.6404484664541399,0.59,DOWN,False,-0.575,-0.595,
eth-updown-5m-1779882600,ethereum,2026-05-27 11:50:00+00:00,300,8517.385139000002,2081.27,5.576154847600528e-05,5,UP,1,0.06168566539025511,0.52,0.5816856653902551,0.535,DOWN,False,-0.52,-0.54,
btc-updown-5m-1779882900,bitcoin,2026-05-27 11:55:00+00:00,300,96250.17934899977,75766.22,5e-05,5,DOWN,3,-0.26700567221774835,0.765,0.49799432778225167,0.25,UP,False,-0.235,-0.255,
eth-updown-15m-1779882300,ethereum,2026-05-27 11:45:00+00:00,900,6494.356738999999,2082.34,5.715420374157427e-05,15,DOWN,1,-0.05163092570964378,0.515,0.46336907429035623,0.5,DOWN,True,0.515,0.495,
sol-updown-5m-1779883200,solana,2026-05-27 12:00:00+00:00,300,7703.664584000001,83.95,7.278355284334639e-05,5,DOWN,1,-0.29915875500535505,0.675,0.375841244994645,0.33999999999999997,DOWN,True,0.675,0.655,
btc-updown-5m-1779883200,bitcoin,2026-05-27 12:00:00+00:00,300,70194.08354099999,75769.18,5e-05,5,DOWN,1,-0.11436967386808572,0.615,0.5006303261319143,0.4,DOWN,True,0.615,0.595,
eth-updown-5m-1779883200,ethereum,2026-05-27 12:00:00+00:00,300,14284.371773000015,2080.56,5.624625448834664e-05,5,DOWN,1,-0.16922722366305265,0.665,0.4957727763369474,0.35,DOWN,True,0.665,0.645,
sol-updown-5m-1779883500,solana,2026-05-27 12:05:00+00:00,300,5379.4008600000025,83.8,6.894472719486079e-05,5,DOWN,2,-0.5385906677970971,0.565,0.02640933220290287,0.45000000000000007,DOWN,True,0.565,0.5449999999999999,
btc-updown-5m-1779883500,bitcoin,2026-05-27 12:05:00+00:00,300,74194.41209500002,75753.22,5e-05,5,DOWN,1,-0.08954261069025149,0.595,0.5054573893097485,0.42000000000000004,DOWN,True,0.595,0.575,
eth-updown-5m-1779883500,ethereum,2026-05-27 12:05:00+00:00,300,11252.632231,2079.74,5.1838695698935906e-05,5,DOWN,2,-0.48918703630419413,0.625,0.13581296369580587,0.39,DOWN,True,0.625,0.605,
sol-updown-15m-1779883200,solana,2026-05-27 12:00:00+00:00,900,3240.731991999998,83.95,7.278355284334639e-05,15,DOWN,1,-0.14185826297639936,0.575,0.4331417370236006,0.44000000000000006,DOWN,True,0.575,0.5549999999999999,
btc-updown-5m-1779883800,bitcoin,2026-05-27 12:10:00+00:00,300,61643.938262,75681.65,5e-05,5,DOWN,1,-0.30910703620579627,0.535,0.22589296379420376,0.48,DOWN,True,0.535,0.515,
eth-updown-15m-1779883200,ethereum,2026-05-27 12:00:00+00:00,900,8436.607338999998,2080.56,5.624625448834664e-05,15,DOWN,1,-0.05202731384082199,0.55,0.49797268615917806,0.46499999999999997,DOWN,True,0.55,0.53,
sol-updown-5m-1779884100,solana,2026-05-27 12:15:00+00:00,300,5115.950244000008,83.7,7.700248407942107e-05,5,DOWN,1,-0.1965745602457455,0.505,0.3084254397542545,0.51,UP,False,-0.495,-0.515,
btc-updown-5m-1779884100,bitcoin,2026-05-27 12:15:00+00:00,300,115032.88951499996,75626.31,5e-05,5,DOWN,1,-0.07491359258519548,0.575,0.5000864074148045,0.44000000000000006,UP,False,-0.42500000000000004,-0.44500000000000006,
eth-updown-5m-1779884100,ethereum,2026-05-27 12:15:00+00:00,300,11557.596911,2076.42,5.279949192977702e-05,5,DOWN,1,-0.08268551353403625,0.55,0.4673144864659638,0.46499999999999997,UP,False,-0.44999999999999996,-0.47,
btc-updown-5m-1779884400,bitcoin,2026-05-27 12:20:00+00:00,300,129535.7105199994,75838.1,5.383514838020207e-05,5,UP,1,0.26900245392206246,0.475,0.7440024539220624,0.49,UP,True,0.525,0.505,
eth-updown-5m-1779884400,ethereum,2026-05-27 12:20:00+00:00,300,28222.08829499997,2084.93,7.414614729970052e-05,5,UP,1,0.24306310900253913,0.505,0.7480631090025391,0.52,UP,True,0.495,0.475,
sol-updown-5m-1779884700,solana,2026-05-27 12:25:00+00:00,300,3700.5704849999984,84.26,0.00015685001410350414,5,UP,1,0.29523176381502736,0.375,0.6702317638150274,0.39,UP,True,0.625,0.605,
sol-updown-15m-1779884100,solana,2026-05-27 12:15:00+00:00,900,2923.0098289999983,83.7,7.700248407942107e-05,15,DOWN,1,-0.15012466585176798,0.545,0.39487533414823206,0.47,UP,False,-0.45499999999999996,-0.475,
btc-updown-5m-1779884700,bitcoin,2026-05-27 12:25:00+00:00,300,80803.027729,75864.01,8.298290663710897e-05,5,UP,1,0.2340769571512027,0.505,0.7390769571512027,0.52,UP,True,0.495,0.475,
btc-updown-15m-1779884100,bitcoin,2026-05-27 12:15:00+00:00,900,65528.60544799994,75626.31,5e-05,15,DOWN,1,-0.09474734106464389,0.595,0.5002526589353561,0.42000000000000004,UP,False,-0.405,-0.42500000000000004,
eth-updown-15m-1779884100,ethereum,2026-05-27 12:15:00+00:00,900,12623.68570799999,2076.42,5.279949192977702e-05,15,DOWN,1,-0.08226730651127612,0.565,0.48273269348872383,0.45000000000000007,UP,False,-0.43500000000000005,-0.45500000000000007,
eth-updown-5m-1779884700,ethereum,2026-05-27 12:25:00+00:00,300,12197.569183999994,2084.86,0.0001123937369823174,5,UP,1,0.2485410711703317,0.425,0.6735410711703317,0.44,UP,True,0.575,0.555,
sol-updown-5m-1779885000,solana,2026-05-27 12:30:00+00:00,300,2403.5229200000003,84.35,0.00015725968237478922,5,UP,1,0.07350456385978454,0.485,0.5585045638597845,0.5,DOWN,False,-0.485,-0.505,
btc-updown-5m-1779885000,bitcoin,2026-05-27 12:30:00+00:00,300,70841.74008600005,75942.93,8.421633553799283e-05,5,UP,2,0.06251482231084476,0.455,0.5175148223108448,0.47000000000000003,DOWN,False,-0.455,-0.47500000000000003,
sol-updown-5m-1779885300,solana,2026-05-27 12:35:00+00:00,300,4215.58325,84.11,0.00015816940837213455,5,UP,1,0.18143729996698343,0.47,0.6514372999669834,0.485,UP,True,0.53,0.51,
btc-updown-5m-1779885300,bitcoin,2026-05-27 12:35:00+00:00,300,64840.419006000186,75826.48,8.59243222440143e-05,5,UP,1,0.1670237616013739,0.5,0.6670237616013739,0.515,UP,True,0.5,0.48,
eth-updown-5m-1779885300,ethereum,2026-05-27 12:35:00+00:00,300,12098.102636000001,2083.51,0.0001140387581010149,5,UP,1,0.14000456940691453,0.485,0.6250045694069145,0.5,UP,True,0.515,0.495,
sol-updown-15m-1779885000,solana,2026-05-27 12:30:00+00:00,900,13211.208875,84.35,0.00015725968237478922,15,UP,1,0.09199994893529778,0.44,0.5319999489352978,0.455,DOWN,False,-0.44,-0.46,
sol-updown-5m-1779885600,solana,2026-05-27 12:40:00+00:00,300,1789.6400619999997,84.4,0.00015904036394161062,5,DOWN,1,-0.07455718962501384,0.48,0.40544281037498614,0.535,DOWN,True,0.48,0.45999999999999996,
btc-updown-5m-1779885600,bitcoin,2026-05-27 12:40:00+00:00,300,62367.33614899988,75947.99,8.592718440065648e-05,5,DOWN,4,-0.05565076667119251,0.235,0.17934923332880748,0.78,DOWN,True,0.235,0.21499999999999997,
eth-updown-15m-1779885000,ethereum,2026-05-27 12:30:00+00:00,900,8865.421192000002,2084.96,0.00011414368879618047,15,UP,4,0.08408070417931812,0.475,0.5590807041793181,0.49,UP,True,0.525,0.505,
eth-updown-5m-1779885600,ethereum,2026-05-27 12:40:00+00:00,300,6622.195536999998,2086.19,0.00011207219123595189,5,DOWN,1,-0.05718912702693235,0.495,0.43781087297306764,0.52,DOWN,True,0.495,0.475,
sol-updown-5m-1779886200,solana,2026-05-27 12:50:00+00:00,300,2964.552118,84.16,0.00016120837292822086,5,DOWN,1,-0.1612660931292263,0.605,0.4437339068707737,0.41000000000000003,DOWN,True,0.605,0.585,
eth-updown-5m-1779886200,ethereum,2026-05-27 12:50:00+00:00,300,8116.288021000001,2082.62,0.0001143788988042347,5,DOWN,2,-0.17711274282693784,0.465,0.2878872571730622,0.5499999999999999,DOWN,True,0.4650000000000001,0.44500000000000006,
sol-updown-5m-1779886500,solana,2026-05-27 12:55:00+00:00,300,1844.5245870000006,84.09,0.00016155167823607986,5,DOWN,1,-0.12908308740596613,0.43,0.30091691259403386,0.5850000000000001,DOWN,True,0.42999999999999994,0.4099999999999999,
eth-updown-5m-1779886500,ethereum,2026-05-27 12:55:00+00:00,300,7983.218860000001,2081.69,0.00011503072032071906,5,DOWN,1,-0.19861425040275943,0.505,0.3063857495972406,0.51,DOWN,True,0.505,0.485,
sol-updown-5m-1779886800,solana,2026-05-27 13:00:00+00:00,300,5265.387928999997,83.94,0.00016361902321342553,5,UP,1,0.08835895171942842,0.505,0.5933589517194284,0.52,DOWN,False,-0.505,-0.525,
btc-updown-5m-1779886800,bitcoin,2026-05-27 13:00:00+00:00,300,93950.29005999964,75688.01,8.893333196193937e-05,5,UP,1,0.1552400626282655,0.505,0.6602400626282655,0.52,DOWN,False,-0.505,-0.525,
eth-updown-5m-1779886800,ethereum,2026-05-27 13:00:00+00:00,300,11893.267524999987,2078.76,0.00011574272806613291,5,UP,1,0.07901519587762362,0.525,0.6040151958776236,0.54,DOWN,False,-0.525,-0.545,
sol-updown-5m-1779887100,solana,2026-05-27 13:05:00+00:00,300,4118.119902999999,83.85,0.00016625737968735253,5,UP,1,0.05701620789763462,0.535,0.5920162078976346,0.55,DOWN,False,-0.535,-0.555,
btc-updown-5m-1779887100,bitcoin,2026-05-27 13:05:00+00:00,300,97545.0773609999,75642.0,9.205580923481342e-05,5,DOWN,2,-0.3082739977462152,0.635,0.3267260022537848,0.38,DOWN,True,0.635,0.615,
eth-updown-5m-1779887100,ethereum,2026-05-27 13:05:00+00:00,300,10774.295172999995,2077.73,0.0001178538909142633,5,DOWN,2,-0.17616461059387917,0.565,0.3888353894061208,0.45000000000000007,DOWN,True,0.565,0.5449999999999999,
sol-updown-5m-1779887400,solana,2026-05-27 13:10:00+00:00,300,4636.4807200000005,83.75,0.00016236129570716335,5,UP,3,0.09173752920793898,0.54,0.631737529207939,0.555,DOWN,False,-0.54,-0.56,
sol-updown-15m-1779886800,solana,2026-05-27 13:00:00+00:00,900,2788.4107469999994,83.94,0.00016361902321342553,15,UP,1,0.07590361127012324,0.475,0.5509036112701232,0.49,DOWN,False,-0.475,-0.495,
btc-updown-5m-1779887400,bitcoin,2026-05-27 13:10:00+00:00,300,90978.25883999994,75508.98,9.251414819629352e-05,5,DOWN,2,-0.12339535683483027,0.645,0.5216046431651697,0.37,DOWN,True,0.645,0.625,
eth-updown-5m-1779887400,ethereum,2026-05-27 13:10:00+00:00,300,14240.506481000008,2074.67,0.00011922171815421287,5,DOWN,2,-0.1310744906457436,0.635,0.5039255093542564,0.38,UP,False,-0.365,-0.385,
eth-updown-15m-1779886800,ethereum,2026-05-27 13:00:00+00:00,900,10424.291692999997,2078.76,0.00011574272806613291,15,DOWN,2,-0.13316782443272157,0.635,0.5018321755672784,0.38,DOWN,True,0.635,0.615,
sol-updown-5m-1779887700,solana,2026-05-27 13:15:00+00:00,300,3841.5742310000005,83.73,0.0001635034935822449,5,DOWN,1,-0.13829976945830091,0.62,0.4817002305416991,0.395,UP,False,-0.38,-0.4,
btc-updown-5m-1779887700,bitcoin,2026-05-27 13:15:00+00:00,300,124777.50258899994,75440.56,9.4618925725714e-05,5,DOWN,1,-0.20376294049808658,0.555,0.3512370595019135,0.45999999999999996,UP,False,-0.44499999999999995,-0.46499999999999997,
eth-updown-5m-1779887700,ethereum,2026-05-27 13:15:00+00:00,300,13360.061248,2075.04,0.00012124123005191317,5,DOWN,1,-0.09074777986327104,0.535,0.444252220136729,0.48,DOWN,True,0.535,0.515,
sol-updown-5m-1779888000,solana,2026-05-27 13:20:00+00:00,300,1962.2929740000004,83.81,0.00015017854005443704,5,DOWN,1,-0.1948215984299797,0.555,0.36017840157002035,0.45999999999999996,DOWN,True,0.555,0.535,
btc-updown-5m-1779888000,bitcoin,2026-05-27 13:20:00+00:00,300,77417.21525499992,75466.68,8.596146440455916e-05,5,DOWN,1,-0.23354698457177292,0.545,0.3114530154282271,0.47,DOWN,True,0.545,0.525,
eth-updown-5m-1779888000,ethereum,2026-05-27 13:20:00+00:00,300,9934.607911,2074.67,0.0001073999035124537,5,DOWN,1,-0.16619521691403216,0.7,0.5338047830859678,0.31500000000000006,DOWN,True,0.7,0.6799999999999999,
sol-updown-5m-1779888300,solana,2026-05-27 13:25:00+00:00,300,2708.104143,83.79,8.888196091106765e-05,5,DOWN,1,-0.4873431926890779,0.57,0.08265680731092206,0.44500000000000006,DOWN,True,0.57,0.5499999999999999,
sol-updown-15m-1779887700,solana,2026-05-27 13:15:00+00:00,900,2184.2830569999996,83.73,0.0001635034935822449,15,DOWN,1,-0.22910910072484258,0.72,0.4908908992751574,0.29500000000000004,DOWN,True,0.72,0.7,
btc-updown-5m-1779888300,bitcoin,2026-05-27 13:25:00+00:00,300,85459.25330599985,75372.01,5.882529779607034e-05,5,DOWN,1,-0.45863988533292926,0.545,0.08636011466707078,0.47,DOWN,True,0.545,0.525,
eth-updown-5m-1779888300,ethereum,2026-05-27 13:25:00+00:00,300,11959.333271999993,2073.08,6.843814836997663e-05,5,DOWN,1,-0.45951412099863237,0.54,0.08048587900136767,0.475,DOWN,True,0.54,0.52,
eth-updown-15m-1779887700,ethereum,2026-05-27 13:15:00+00:00,900,10072.26096,2075.04,0.00012124123005191317,15,DOWN,1,-0.08436885261366295,0.555,0.4706311473863371,0.45999999999999996,DOWN,True,0.555,0.535,
sol-updown-5m-1779888600,solana,2026-05-27 13:30:00+00:00,300,5444.708499,83.59,9.109683649189906e-05,5,UP,1,0.05650103275914625,0.41,0.46650103275914623,0.425,UP,True,0.5900000000000001,0.57,
btc-updown-5m-1779888600,bitcoin,2026-05-27 13:30:00+00:00,300,175971.1673930002,75200.01,5.8924792406218096e-05,5,UP,1,0.2599363484359466,0.54,0.7999363484359466,0.555,UP,True,0.45999999999999996,0.43999999999999995,
eth-updown-5m-1779888600,ethereum,2026-05-27 13:30:00+00:00,300,19385.001030000014,2068.74,6.922576284027203e-05,5,UP,1,0.11597047795933035,0.525,0.6409704779593304,0.54,DOWN,False,-0.525,-0.545,
sol-updown-5m-1779888900,solana,2026-05-27 13:35:00+00:00,300,2887.7604040000006,83.61,8.718762789478711e-05,5,DOWN,1,-0.3071846083654223,0.52,0.21281539163457774,0.495,DOWN,True,0.52,0.5,
btc-updown-5m-1779888900,bitcoin,2026-05-27 13:35:00+00:00,300,101410.51636099986,75251.84,6.242811552706635e-05,5,DOWN,1,-0.20408062423270423,0.535,0.3309193757672958,0.48,DOWN,True,0.535,0.515,
eth-updown-5m-1779888900,ethereum,2026-05-27 13:35:00+00:00,300,11088.882095,2067.54,7.191120492502494e-05,5,DOWN,1,-0.3125304965842499,0.535,0.22246950341575011,0.48,DOWN,True,0.535,0.515,
sol-updown-5m-1779889200,solana,2026-05-27 13:40:00+00:00,300,4888.4747370000005,83.26,8.698766974737564e-05,5,DOWN,1,-0.13016910727887987,0.525,0.39483089272112015,0.49,DOWN,True,0.525,0.505,
sol-updown-15m-1779888600,solana,2026-05-27 13:30:00+00:00,900,4473.544647000001,83.59,9.109683649189906e-05,15,DOWN,2,-0.19854151106419943,0.535,0.3364584889358006,0.48,DOWN,True,0.535,0.515,
btc-updown-5m-1779889200,bitcoin,2026-05-27 13:40:00+00:00,300,163432.5212459999,74955.27,6.612277738909148e-05,5,DOWN,1,-0.11955006658975775,0.495,0.37544993341024224,0.52,DOWN,True,0.495,0.475,
btc-updown-15m-1779888600,bitcoin,2026-05-27 13:30:00+00:00,900,76918.47980699995,75200.01,5.8924792406218096e-05,15,UP,1,0.10877235479856762,0.565,0.6737723547985676,0.58,DOWN,False,-0.565,-0.585,
eth-updown-15m-1779888600,ethereum,2026-05-27 13:30:00+00:00,900,16853.24962800001,2068.74,6.922576284027203e-05,15,DOWN,2,-0.331299135228602,0.595,0.263700864771398,0.42000000000000004,DOWN,True,0.595,0.575,
eth-updown-5m-1779889200,ethereum,2026-05-27 13:40:00+00:00,300,16487.520315999987,2060.39,7.614192775253073e-05,5,DOWN,1,-0.3304297925073252,0.565,0.23457020749267476,0.45000000000000007,DOWN,True,0.565,0.5449999999999999,
sol-updown-5m-1779889500,solana,2026-05-27 13:45:00+00:00,300,4313.663146000002,83.07,9.031376633401091e-05,5,UP,1,0.22526359393972417,0.58,0.8052635939397241,0.595,UP,True,0.42000000000000004,0.4,
btc-updown-5m-1779889500,bitcoin,2026-05-27 13:45:00+00:00,300,241137.79208899976,74928.51,6.698000264738093e-05,5,UP,1,0.24123049637226246,0.505,0.7462304963722625,0.52,DOWN,False,-0.505,-0.525,
eth-updown-5m-1779889500,ethereum,2026-05-27 13:45:00+00:00,300,13973.371511,2053.35,7.84154335354699e-05,5,UP,1,0.29965125508822543,0.66,0.9596512550882255,0.675,UP,True,0.33999999999999997,0.31999999999999995,
sol-updown-5m-1779889800,solana,2026-05-27 13:50:00+00:00,300,2789.166329,83.21,9.665153688620296e-05,5,UP,1,0.22227618934451276,0.61,0.8322761893445128,0.625,UP,True,0.39,0.37,
btc-updown-5m-1779889800,bitcoin,2026-05-27 13:50:00+00:00,300,112827.17771499974,74925.24,7.27856263410497e-05,5,UP,1,0.1955557553008287,0.545,0.7405557553008287,0.56,UP,True,0.45499999999999996,0.43499999999999994,
eth-updown-5m-1779889800,ethereum,2026-05-27 13:50:00+00:00,300,7425.199280000008,2057.09,9.120300434268572e-05,5,UP,1,0.20019635471803676,0.605,0.8051963547180367,0.62,UP,True,0.395,0.375,
sol-updown-15m-1779889500,solana,2026-05-27 13:45:00+00:00,900,3348.8655709999994,83.07,9.031376633401091e-05,15,UP,1,0.0725759055823082,0.605,0.6775759055823082,0.62,UP,True,0.395,0.375,
btc-updown-5m-1779890100,bitcoin,2026-05-27 13:55:00+00:00,300,108778.38361500004,74999.53,7.764723370719158e-05,5,DOWN,1,-0.14558355131081246,0.485,0.3394164486891875,0.53,UP,False,-0.515,-0.535,
btc-updown-15m-1779889500,bitcoin,2026-05-27 13:45:00+00:00,900,78082.36767799998,74928.51,6.698000264738093e-05,15,UP,1,0.0836706525692974,0.555,0.6386706525692974,0.5700000000000001,UP,True,0.44499999999999995,0.42499999999999993,
eth-updown-15m-1779889500,ethereum,2026-05-27 13:45:00+00:00,900,11303.963400000002,2053.35,7.84154335354699e-05,15,UP,1,0.24996078031957525,0.575,0.8249607803195752,0.59,UP,True,0.42500000000000004,0.405,
eth-updown-5m-1779890100,ethereum,2026-05-27 13:55:00+00:00,300,10014.884735,2062.58,9.928178271373634e-05,5,DOWN,1,-0.11476591499507777,0.545,0.4302340850049223,0.47,UP,False,-0.45499999999999996,-0.475,
sol-updown-5m-1779890400,solana,2026-05-27 14:00:00+00:00,300,4024.680935000002,83.64,0.0001106106346609375,5,UP,1,0.2628477383364297,0.555,0.8178477383364298,0.5700000000000001,UP,True,0.44499999999999995,0.42499999999999993,
btc-updown-5m-1779890400,bitcoin,2026-05-27 14:00:00+00:00,300,97602.000262,75073.4,8.266685098469398e-05,5,UP,1,0.29087911765441343,0.53,0.8208791176544135,0.545,UP,True,0.47,0.44999999999999996,
eth-updown-5m-1779890400,ethereum,2026-05-27 14:00:00+00:00,300,13984.319580999998,2064.52,0.00010255862797033317,5,UP,1,0.1482266576498179,0.67,0.818226657649818,0.685,UP,True,0.32999999999999996,0.30999999999999994,
sol-updown-5m-1779890700,solana,2026-05-27 14:05:00+00:00,300,2603.476873000001,84.01,0.000112879359607842,5,DOWN,1,-0.18684265002438594,0.375,0.18815734997561406,0.64,DOWN,True,0.375,0.355,
btc-updown-5m-1779890700,bitcoin,2026-05-27 14:05:00+00:00,300,92031.68223299997,75218.76,8.428531927047693e-05,5,DOWN,1,-0.20539307951412505,0.415,0.20960692048587493,0.6,DOWN,True,0.41500000000000004,0.395,
eth-updown-5m-1779890700,ethereum,2026-05-27 14:05:00+00:00,300,10411.446141000008,2070.71,0.00010518131351599559,5,DOWN,1,-0.2131602592180133,0.405,0.19183974078198673,0.61,DOWN,True,0.405,0.385,
sol-updown-5m-1779891000,solana,2026-05-27 14:10:00+00:00,300,3905.537664000001,83.85,0.00011777303454967688,5,DOWN,1,-0.17279173880979382,0.545,0.3722082611902062,0.47,DOWN,True,0.545,0.525,
sol-updown-15m-1779890400,solana,2026-05-27 14:00:00+00:00,900,3818.359927000001,83.64,0.0001106106346609375,15,UP,1,0.221537760817272,0.465,0.686537760817272,0.48000000000000004,UP,True,0.5349999999999999,0.515,
btc-updown-5m-1779891000,bitcoin,2026-05-27 14:10:00+00:00,300,122078.70918199977,75020.0,8.57661558933576e-05,5,DOWN,1,-0.29611402371535245,0.575,0.2788859762846475,0.44000000000000006,DOWN,True,0.575,0.5549999999999999,
btc-updown-15m-1779890400,bitcoin,2026-05-27 14:00:00+00:00,900,69206.67362700003,75073.4,8.266685098469398e-05,15,UP,1,0.15361645724597606,0.535,0.6886164572459761,0.55,DOWN,False,-0.535,-0.555,
eth-updown-15m-1779890400,ethereum,2026-05-27 14:00:00+00:00,900,12543.170885,2064.52,0.00010255862797033317,15,UP,1,0.05677994741854697,0.63,0.686779947418547,0.645,DOWN,False,-0.63,-0.65,
eth-updown-5m-1779891000,ethereum,2026-05-27 14:10:00+00:00,300,9065.311401999996,2064.99,0.00010522738659863491,5,DOWN,1,-0.3714134593497719,0.595,0.2235865406502281,0.42000000000000004,DOWN,True,0.595,0.575,
sol-updown-5m-1779891300,solana,2026-05-27 14:15:00+00:00,300,3786.8500619999986,83.76,0.00011668878658284591,5,UP,3,0.06254473700585661,0.65,0.7125447370058566,0.665,UP,True,0.35,0.32999999999999996,
btc-updown-5m-1779891300,bitcoin,2026-05-27 14:15:00+00:00,300,108904.35434699991,75002.58,8.482964341906099e-05,5,UP,1,0.11298362464885414,0.555,0.6679836246488542,0.5700000000000001,UP,True,0.44499999999999995,0.42499999999999993,
eth-updown-5m-1779891300,ethereum,2026-05-27 14:15:00+00:00,300,9558.203324,2062.24,0.00010566153393949283,5,UP,2,0.16574056483980693,0.495,0.6607405648398069,0.51,UP,True,0.505,0.485,
sol-updown-5m-1779891600,solana,2026-05-27 14:20:00+00:00,300,3721.0257099999976,83.9,0.00011800871799884605,5,DOWN,1,-0.4735094035723083,0.495,0.02149059642769169,0.52,DOWN,True,0.495,0.475,
btc-updown-5m-1779891600,bitcoin,2026-05-27 14:20:00+00:00,300,104900.53383499982,75166.0,8.6356533986664e-05,5,DOWN,1,-0.4596475205959807,0.505,0.04535247940401932,0.51,DOWN,True,0.505,0.485,
eth-updown-5m-1779891600,ethereum,2026-05-27 14:20:00+00:00,300,9184.844542000006,2067.91,0.00010865476485874049,5,DOWN,1,-0.46357145304760544,0.485,0.021428546952394545,0.53,DOWN,True,0.485,0.46499999999999997,
sol-updown-15m-1779891300,solana,2026-05-27 14:15:00+00:00,900,2958.2020880000023,83.76,0.00011668878658284591,15,UP,1,0.13569599484082123,0.435,0.5706959948408212,0.45,DOWN,False,-0.435,-0.455,
btc-updown-5m-1779891900,bitcoin,2026-05-27 14:25:00+00:00,300,165764.89407999965,74880.0,9.198988271524769e-05,5,DOWN,3,-0.38222292892936716,0.51,0.12777707107063285,0.505,DOWN,True,0.51,0.49,
eth-updown-5m-1779891900,ethereum,2026-05-27 14:25:00+00:00,300,14175.416540999991,2056.96,0.00012102098295355139,5,DOWN,3,-0.2586240538972904,0.535,0.27637594610270966,0.48,UP,False,-0.46499999999999997,-0.485,
eth-updown-15m-1779891300,ethereum,2026-05-27 14:15:00+00:00,900,10307.454653999996,2062.24,0.00010566153393949283,15,UP,2,0.0643563699843207,0.515,0.5793563699843207,0.53,DOWN,False,-0.515,-0.535,
sol-updown-5m-1779892200,solana,2026-05-27 14:30:00+00:00,300,6564.229405000009,83.42,0.0001411681748946194,5,UP,1,0.23482978523390585,0.575,0.8098297852339058,0.59,UP,True,0.42500000000000004,0.405,
btc-updown-5m-1779892200,bitcoin,2026-05-27 14:30:00+00:00,300,156152.14160600037,74875.96,9.443852573373266e-05,5,UP,1,0.2871043643036467,0.515,0.8021043643036467,0.53,UP,True,0.485,0.46499999999999997,
eth-updown-5m-1779892200,ethereum,2026-05-27 14:30:00+00:00,300,14992.685750000002,2057.33,0.00012212525024211785,5,UP,1,0.219673055305174,0.55,0.769673055305174,0.5650000000000001,UP,True,0.44999999999999996,0.42999999999999994,
btc-updown-5m-1779892500,bitcoin,2026-05-27 14:35:00+00:00,300,126750.87633699995,75013.29,0.00010761992706131735,5,DOWN,1,-0.11711870507581618,0.505,0.38788129492418383,0.51,UP,False,-0.495,-0.515,
eth-updown-5m-1779892500,ethereum,2026-05-27 14:35:00+00:00,300,16151.172689,2060.9,0.00013663914552143074,5,DOWN,1,-0.11811771357447598,0.535,0.41688228642552405,0.48,UP,False,-0.46499999999999997,-0.485,
sol-updown-15m-1779892200,solana,2026-05-27 14:30:00+00:00,900,2692.875318999998,83.42,0.0001411681748946194,15,UP,1,0.13595870647985564,0.545,0.6809587064798557,0.56,UP,True,0.45499999999999996,0.43499999999999994,
sol-updown-5m-1779892800,solana,2026-05-27 14:40:00+00:00,300,2087.869811000001,83.65,0.00015712840350124544,5,DOWN,2,-0.24340462055340517,0.51,0.26659537944659484,0.505,DOWN,True,0.51,0.49,
btc-updown-5m-1779892800,bitcoin,2026-05-27 14:40:00+00:00,300,109568.87486199995,75086.01,0.00010537472051987266,5,DOWN,2,-0.1272421176713719,0.525,0.39775788232862813,0.49,DOWN,True,0.525,0.505,
eth-updown-15m-1779892200,ethereum,2026-05-27 14:30:00+00:00,900,12808.696560000008,2057.33,0.00012212525024211785,15,UP,1,0.09880696508483078,0.555,0.6538069650848308,0.5700000000000001,UP,True,0.44499999999999995,0.42499999999999993,
eth-updown-5m-1779892800,ethereum,2026-05-27 14:40:00+00:00,300,9453.255452999998,2060.62,0.00013509271724995798,5,DOWN,2,-0.1488304060156298,0.505,0.3561695939843702,0.51,DOWN,True,0.505,0.485,
btc-updown-5m-1779893100,bitcoin,2026-05-27 14:45:00+00:00,300,109799.07255599968,75064.0,0.00010706570467012959,5,UP,1,0.0971499952357926,0.515,0.6121499952357926,0.53,DOWN,False,-0.515,-0.535,
eth-updown-5m-1779893100,ethereum,2026-05-27 14:45:00+00:00,300,41545.34871599999,2060.03,0.000130935129875806,5,UP,1,0.10657890793209857,0.515,0.6215789079320986,0.53,DOWN,False,-0.515,-0.535,
sol-updown-5m-1779893400,solana,2026-05-27 14:50:00+00:00,300,1831.2779619999997,83.64,0.00015681297536794737,5,UP,1,0.15848529846627535,0.495,0.6534852984662753,0.51,UP,True,0.505,0.485,
btc-updown-5m-1779893400,bitcoin,2026-05-27 14:50:00+00:00,300,80215.94510699996,75005.08,0.00010623068190025037,5,UP,1,0.15873276233543143,0.505,0.6637327623354314,0.52,UP,True,0.495,0.475,
eth-updown-5m-1779893400,ethereum,2026-05-27 14:50:00+00:00,300,6764.932542000003,2060.07,0.00012861628980781025,5,UP,1,0.16786774001246219,0.485,0.6528677400124622,0.5,UP,True,0.515,0.495,
sol-updown-5m-1779893700,solana,2026-05-27 14:55:00+00:00,300,2657.3428589999994,83.89,0.00015565912682053595,5,DOWN,1,-0.08291800196087529,0.505,0.4220819980391247,0.51,UP,False,-0.495,-0.515,
btc-updown-5m-1779893700,bitcoin,2026-05-27 14:55:00+00:00,300,78892.21457299995,75108.78,0.00010423938149671837,5,DOWN,1,-0.1730065460279107,0.505,0.3319934539720893,0.51,DOWN,True,0.505,0.485,
btc-updown-15m-1779893100,bitcoin,2026-05-27 14:45:00+00:00,900,62065.64512899997,75064.0,0.00010706570467012959,15,UP,1,0.06596179691604864,0.495,0.5609617969160486,0.51,DOWN,False,-0.495,-0.515,
eth-updown-5m-1779893700,ethereum,2026-05-27 14:55:00+00:00,300,7407.212748000001,2063.88,0.00012575347876244035,5,DOWN,1,-0.10957715209013208,0.505,0.3954228479098679,0.51,DOWN,True,0.505,0.485,
eth-updown-15m-1779893100,ethereum,2026-05-27 14:45:00+00:00,900,7142.933925000001,2060.03,0.000130935129875806,15,DOWN,4,-0.18396799152579446,0.695,0.5110320084742055,0.32000000000000006,UP,False,-0.30500000000000005,-0.32500000000000007,
sol-updown-5m-1779894000,solana,2026-05-27 15:00:00+00:00,300,4167.987391,83.91,0.00014905649813473895,5,UP,2,0.16460621342026793,0.56,0.724606213420268,0.5750000000000001,UP,True,0.43999999999999995,0.41999999999999993,
btc-updown-5m-1779894000,bitcoin,2026-05-27 15:00:00+00:00,300,135405.0913499999,75031.92,9.946116889066049e-05,5,UP,2,0.07539782312135096,0.465,0.540397823121351,0.48000000000000004,UP,True,0.5349999999999999,0.515,
eth-updown-5m-1779894000,ethereum,2026-05-27 15:00:00+00:00,300,16385.098426000004,2062.62,0.00012174374795219672,5,UP,2,0.1010747849065875,0.485,0.5860747849065875,0.5,UP,True,0.515,0.495,
sol-updown-5m-1779894300,solana,2026-05-27 15:05:00+00:00,300,2496.675722000002,83.98,0.00014641913285203721,5,UP,2,0.09862990444048031,0.45,0.5486299044404803,0.465,UP,True,0.55,0.5299999999999999,
btc-updown-5m-1779894300,bitcoin,2026-05-27 15:05:00+00:00,300,79856.53205799988,75052.01,9.97923829125118e-05,5,DOWN,1,-0.1572188600314557,0.505,0.3477811399685443,0.51,UP,False,-0.495,-0.515,
eth-updown-5m-1779894300,ethereum,2026-05-27 15:05:00+00:00,300,10028.885202000001,2063.88,0.00012131030691016806,5,UP,2,0.13146521913328535,0.505,0.6364652191332854,0.52,UP,True,0.495,0.475,
sol-updown-15m-1779894000,solana,2026-05-27 15:00:00+00:00,900,3205.6989379999995,83.91,0.00014905649813473895,15,UP,1,0.08186472239736436,0.43,0.5118647223973644,0.445,UP,True,0.5700000000000001,0.5499999999999999,
sol-updown-5m-1779894600,solana,2026-05-27 15:10:00+00:00,300,2873.654308,84.13,0.00014631517098480278,5,UP,1,0.23247971751159113,0.52,0.7524797175115912,0.535,UP,True,0.48,0.45999999999999996,
btc-updown-5m-1779894600,bitcoin,2026-05-27 15:10:00+00:00,300,86560.71713499984,75111.3,9.916903741685196e-05,5,UP,1,0.08377223590684535,0.495,0.5787722359068453,0.51,UP,True,0.505,0.485,
eth-updown-15m-1779894000,ethereum,2026-05-27 15:00:00+00:00,900,12874.208503000002,2062.62,0.00012174374795219672,15,DOWN,3,-0.05299672944023526,0.605,0.5520032705597647,0.41000000000000003,UP,False,-0.395,-0.41500000000000004,
eth-updown-5m-1779894600,ethereum,2026-05-27 15:10:00+00:00,300,10844.940848,2065.64,0.00011933037426085005,5,UP,1,0.19376172103305211,0.485,0.6787617210330521,0.5,UP,True,0.515,0.495,
sol-updown-5m-1779894900,solana,2026-05-27 15:15:00+00:00,300,3030.7464510000004,84.29,0.00014926461568504762,5,UP,1,0.13173278444428743,0.45,0.5817327844442874,0.465,UP,True,0.55,0.5299999999999999,
btc-updown-5m-1779894900,bitcoin,2026-05-27 15:15:00+00:00,300,73935.36399500007,75130.01,9.881675583107414e-05,5,UP,2,0.33072878079775114,0.385,0.7157287807977512,0.4,UP,True,0.615,0.595,
eth-updown-5m-1779894900,ethereum,2026-05-27 15:15:00+00:00,300,7647.536656999998,2066.8,0.00011946506545444928,5,UP,1,0.08911157043345697,0.405,0.494111570433457,0.42000000000000004,UP,True,0.595,0.575,
sol-updown-5m-1779895200,solana,2026-05-27 15:20:00+00:00,300,3988.1008529999995,84.39,0.00013878946452939518,5,UP,1,0.3033070817127083,0.46,0.7633070817127083,0.47500000000000003,UP,True,0.54,0.5199999999999999,
btc-updown-5m-1779895200,bitcoin,2026-05-27 15:20:00+00:00,300,127429.34988599941,75221.08,9.103542056355262e-05,5,UP,1,0.304097744327828,0.495,0.799097744327828,0.51,UP,True,0.505,0.485,
eth-updown-5m-1779895200,ethereum,2026-05-27 15:20:00+00:00,300,12644.205482999982,2070.06,0.00010447458667219089,5,UP,1,0.44691230785183206,0.435,0.8819123078518321,0.45,UP,True,0.565,0.545,
sol-updown-5m-1779895500,solana,2026-05-27 15:25:00+00:00,300,4688.081333000002,84.52,0.0001362500474720772,5,DOWN,1,-0.09633135904796875,0.465,0.3686686409520313,0.5499999999999999,DOWN,True,0.4650000000000001,0.44500000000000006,
sol-updown-15m-1779894900,solana,2026-05-27 15:15:00+00:00,900,3228.254727999998,84.29,0.00014926461568504762,15,UP,1,0.059521764287223666,0.485,0.5445217642872237,0.5,UP,True,0.515,0.495,
btc-updown-5m-1779895500,bitcoin,2026-05-27 15:25:00+00:00,300,111065.25514499986,75399.88,9.70616114380641e-05,5,DOWN,2,-0.13429293214257876,0.515,0.38070706785742126,0.5,UP,False,-0.485,-0.505,
eth-updown-5m-1779895500,ethereum,2026-05-27 15:25:00+00:00,300,22968.40811600001,2074.08,0.00011095648915068067,5,DOWN,1,-0.08551742180943167,0.47,0.3844825781905683,0.545,UP,False,-0.53,-0.55,
eth-updown-15m-1779894900,ethereum,2026-05-27 15:15:00+00:00,900,11475.511434999997,2066.8,0.00011946506545444928,15,UP,2,0.13857949965169036,0.475,0.6135794996516903,0.49,UP,True,0.525,0.505,
sol-updown-5m-1779895800,solana,2026-05-27 15:30:00+00:00,300,3988.3651190000005,84.48,0.00012856990293844906,5,UP,1,0.416770358678872,0.535,0.951770358678872,0.55,UP,True,0.46499999999999997,0.44499999999999995,
btc-updown-5m-1779895800,bitcoin,2026-05-27 15:30:00+00:00,300,129391.24047899978,75352.89,9.342054479887234e-05,5,UP,1,0.33637684014288693,0.505,0.8413768401428869,0.52,UP,True,0.495,0.475,
eth-updown-5m-1779895800,ethereum,2026-05-27 15:30:00+00:00,300,9910.205105000012,2073.08,0.00010851708548665228,5,UP,1,0.36473838511395806,0.52,0.8847383851139581,0.535,UP,True,0.48,0.45999999999999996,
sol-updown-5m-1779896100,solana,2026-05-27 15:35:00+00:00,300,3498.732197000002,84.59,0.00012205903446758015,5,UP,1,0.2342627385790622,0.5,0.7342627385790622,0.515,UP,True,0.5,0.48,
btc-updown-5m-1779896100,bitcoin,2026-05-27 15:35:00+00:00,300,91736.91441899976,75431.76,8.066631229575923e-05,5,DOWN,1,-0.06114983721935652,0.495,0.4338501627806435,0.52,DOWN,True,0.495,0.475,
eth-updown-5m-1779896100,ethereum,2026-05-27 15:35:00+00:00,300,8774.219439000004,2076.14,9.362272957348125e-05,5,UP,2,0.23659028615652006,0.445,0.6815902861565201,0.46,DOWN,False,-0.445,-0.465,
sol-updown-15m-1779895800,solana,2026-05-27 15:30:00+00:00,900,6016.885664000001,84.48,0.00012856990293844906,15,UP,1,0.388226736255978,0.425,0.813226736255978,0.44,DOWN,False,-0.425,-0.445,
sol-updown-5m-1779896400,solana,2026-05-27 15:40:00+00:00,300,3264.4353479999986,84.68,0.0001215116083923619,5,UP,1,0.10940750740258809,0.49,0.5994075074025881,0.505,DOWN,False,-0.49,-0.51,
btc-updown-5m-1779896400,bitcoin,2026-05-27 15:40:00+00:00,300,78214.62988399995,75394.01,7.911338131422775e-05,5,UP,1,0.1466931050385455,0.505,0.6516931050385455,0.52,DOWN,False,-0.505,-0.525,
eth-updown-15m-1779895800,ethereum,2026-05-27 15:30:00+00:00,900,14279.499194999995,2073.08,0.00010851708548665228,15,UP,1,0.2995706153891334,0.44,0.7395706153891334,0.455,DOWN,False,-0.44,-0.46,
sol-updown-5m-1779896700,solana,2026-05-27 15:45:00+00:00,300,2796.2925929999988,84.42,0.00012223004114482163,5,DOWN,3,-0.08452466108268397,0.655,0.570475338917316,0.36,UP,False,-0.345,-0.365,
btc-updown-5m-1779896700,bitcoin,2026-05-27 15:45:00+00:00,300,77076.63253099995,75202.01,8.080277289766436e-05,5,UP,1,0.20348036112238443,0.555,0.7584803611223845,0.5700000000000001,UP,True,0.44499999999999995,0.42499999999999993,
sol-updown-5m-1779897000,solana,2026-05-27 15:50:00+00:00,300,3038.140256999999,84.44,0.00011664469079719675,5,UP,1,0.16320247346722405,0.49,0.653202473467224,0.505,DOWN,False,-0.49,-0.51,
btc-updown-5m-1779897000,bitcoin,2026-05-27 15:50:00+00:00,300,103894.23172299966,75338.0,7.664245823982167e-05,5,UP,1,0.2990118718480749,0.505,0.8040118718480749,0.52,DOWN,False,-0.505,-0.525,
eth-updown-5m-1779897000,ethereum,2026-05-27 15:50:00+00:00,300,7783.850671000002,2074.81,8.963393223715513e-05,5,UP,1,0.10418015610584863,0.52,0.6241801561058486,0.535,DOWN,False,-0.52,-0.54,
sol-updown-15m-1779896700,solana,2026-05-27 15:45:00+00:00,900,3210.6818379999977,84.42,0.00012223004114482163,15,DOWN,3,-0.050558851319182474,0.58,0.5294411486808175,0.43500000000000005,UP,False,-0.42000000000000004,-0.44000000000000006,
sol-updown-5m-1779897300,solana,2026-05-27 15:55:00+00:00,300,2322.335918,84.28,0.00011866853804999906,5,UP,2,0.14246377068517357,0.475,0.6174637706851736,0.49,UP,True,0.525,0.505,
btc-updown-5m-1779897300,bitcoin,2026-05-27 15:55:00+00:00,300,73669.42748199978,75276.16,8.135322188764536e-05,5,UP,2,0.1585524648852688,0.445,0.6035524648852688,0.46,UP,True,0.5549999999999999,0.535,
eth-updown-15m-1779896700,ethereum,2026-05-27 15:45:00+00:00,900,10483.017500000005,2070.21,9.21716031702165e-05,15,UP,1,0.10436210910807153,0.55,0.6543621091080716,0.5650000000000001,UP,True,0.44999999999999996,0.42999999999999994,
eth-updown-5m-1779897300,ethereum,2026-05-27 15:55:00+00:00,300,6482.41143,2069.57,9.752901803573127e-05,5,UP,2,0.1376330666579808,0.395,0.5326330666579808,0.41000000000000003,UP,True,0.605,0.585,
btc-updown-5m-1779897600,bitcoin,2026-05-27 16:00:00+00:00,300,110452.47092799994,75326.02,8.126550783193644e-05,5,UP,1,0.1272371337620145,0.505,0.6322371337620145,0.52,DOWN,False,-0.505,-0.525,
sol-updown-5m-1779897900,solana,2026-05-27 16:05:00+00:00,300,2772.394690000001,84.49,0.00012221489889488685,5,DOWN,1,-0.18124696105903276,0.49,0.30875303894096723,0.525,UP,False,-0.51,-0.53,
btc-updown-5m-1779897900,bitcoin,2026-05-27 16:05:00+00:00,300,89925.67168700008,75248.97,8.14209045740787e-05,5,DOWN,1,-0.1076013996779645,0.515,0.4073986003220355,0.5,UP,False,-0.485,-0.505,
eth-updown-5m-1779897900,ethereum,2026-05-27 16:05:00+00:00,300,13520.522545000002,2069.25,9.772507312199825e-05,5,DOWN,1,-0.11388793471006808,0.495,0.3811120652899319,0.52,UP,False,-0.505,-0.525,
sol-updown-15m-1779897600,solana,2026-05-27 16:00:00+00:00,900,2317.641724,84.44,0.00012121425048197721,15,UP,1,0.14981112896012982,0.47,0.6198111289601298,0.485,UP,True,0.53,0.51,
sol-updown-5m-1779898200,solana,2026-05-27 16:10:00+00:00,300,2221.764211,84.51,0.00011813708760925828,5,UP,1,0.19273874329666418,0.505,0.6977387432966642,0.52,DOWN,False,-0.505,-0.525,
btc-updown-5m-1779898200,bitcoin,2026-05-27 16:10:00+00:00,300,70796.40126699985,75273.27,8.032158229863165e-05,5,UP,1,0.13378547061999668,0.495,0.6287854706199967,0.51,UP,True,0.505,0.485,
eth-updown-15m-1779897600,ethereum,2026-05-27 16:00:00+00:00,900,9378.685184999995,2071.39,9.688885539808662e-05,15,UP,1,0.0826092868349223,0.515,0.5976092868349223,0.53,DOWN,False,-0.515,-0.535,
eth-updown-5m-1779898200,ethereum,2026-05-27 16:10:00+00:00,300,7300.495781,2070.72,9.624893204501439e-05,5,UP,1,0.10744404517769623,0.505,0.6124440451776962,0.52,UP,True,0.495,0.475,
btc-updown-5m-1779898500,bitcoin,2026-05-27 16:15:00+00:00,300,69362.93660199993,75290.2,8.005941925556081e-05,5,DOWN,2,-0.37513643299731225,0.465,0.08986356700268777,0.5499999999999999,DOWN,True,0.4650000000000001,0.44500000000000006,
sol-updown-5m-1779898800,solana,2026-05-27 16:20:00+00:00,300,2796.363157,84.15,0.00011766459692065038,5,DOWN,1,-0.1868722928292132,0.535,0.34812770717078684,0.48,UP,False,-0.46499999999999997,-0.485,
btc-updown-5m-1779898800,bitcoin,2026-05-27 16:20:00+00:00,300,85355.43042699982,75114.03,8.039244895075148e-05,5,DOWN,1,-0.2680161811374109,0.515,0.24698381886258913,0.5,DOWN,True,0.515,0.495,
eth-updown-5m-1779898800,ethereum,2026-05-27 16:20:00+00:00,300,7883.675172000001,2063.83,9.794346194687113e-05,5,DOWN,1,-0.2680848232660529,0.605,0.3369151767339471,0.41000000000000003,UP,False,-0.395,-0.41500000000000004,
sol-updown-5m-1779899100,solana,2026-05-27 16:25:00+00:00,300,3411.038866000003,84.16,0.000114814066499221,5,DOWN,1,-0.06524704403130055,0.645,0.5797529559686995,0.37,DOWN,True,0.645,0.625,
sol-updown-15m-1779898500,solana,2026-05-27 16:15:00+00:00,900,3171.8147990000007,84.48,0.00011740883930390864,15,DOWN,1,-0.057059025091024396,0.53,0.47294097490897563,0.485,DOWN,True,0.53,0.51,
btc-updown-5m-1779899100,bitcoin,2026-05-27 16:25:00+00:00,300,82372.47364799994,75063.36,7.451700920696937e-05,5,DOWN,1,-0.09291241683869822,0.705,0.6120875831613017,0.31000000000000005,UP,False,-0.29500000000000004,-0.31500000000000006,
eth-updown-15m-1779898500,ethereum,2026-05-27 16:15:00+00:00,900,7955.730150000005,2071.02,9.668671210256663e-05,15,DOWN,1,-0.05767309660398329,0.515,0.4573269033960167,0.5,DOWN,True,0.515,0.495,
sol-updown-5m-1779899400,solana,2026-05-27 16:30:00+00:00,300,2601.7091709999995,84.15,9.892394251021659e-05,5,UP,2,0.1751019011714286,0.465,0.6401019011714286,0.48000000000000004,DOWN,False,-0.465,-0.48500000000000004,
btc-updown-5m-1779899400,bitcoin,2026-05-27 16:30:00+00:00,300,97624.79747899978,75098.0,6.977432114733426e-05,5,UP,2,0.07667621268957314,0.485,0.5616762126895731,0.5,DOWN,False,-0.485,-0.505,
eth-updown-5m-1779899400,ethereum,2026-05-27 16:30:00+00:00,300,10343.499356999993,2065.39,8.775802808333119e-05,5,DOWN,1,-0.14023653787191986,0.475,0.3347634621280801,0.54,DOWN,True,0.475,0.45499999999999996,
sol-updown-5m-1779899700,solana,2026-05-27 16:35:00+00:00,300,3555.232462999999,84.07,9.948398214827579e-05,5,DOWN,1,-0.41772706111280505,0.5,0.08227293888719495,0.515,DOWN,True,0.5,0.48,
btc-updown-5m-1779899700,bitcoin,2026-05-27 16:35:00+00:00,300,94101.94706100001,75059.16,7.145033756950065e-05,5,DOWN,1,-0.2537162709729798,0.515,0.26128372902702024,0.5,UP,False,-0.485,-0.505,
eth-updown-5m-1779899700,ethereum,2026-05-27 16:35:00+00:00,300,9850.711516999996,2063.33,9.107841119886387e-05,5,DOWN,1,-0.3336251615541844,0.5,0.16637483844581558,0.515,DOWN,True,0.5,0.48,
sol-updown-15m-1779899400,solana,2026-05-27 16:30:00+00:00,900,3358.6786349999993,84.15,9.892394251021659e-05,15,UP,2,0.09382814709625975,0.475,0.5688281470962597,0.49,DOWN,False,-0.475,-0.495,
btc-updown-5m-1779900000,bitcoin,2026-05-27 16:40:00+00:00,300,83606.55294199995,75062.52,7.086375579998532e-05,5,UP,2,0.2587615949721236,0.565,0.8237615949721235,0.58,UP,True,0.43500000000000005,0.41500000000000004,
eth-updown-15m-1779899400,ethereum,2026-05-27 16:30:00+00:00,900,10504.570241000003,2065.39,8.775802808333119e-05,15,DOWN,1,-0.09487537499281018,0.505,0.4101246250071898,0.51,UP,False,-0.495,-0.515,
sol-updown-5m-1779900300,solana,2026-05-27 16:45:00+00:00,300,3776.405892,84.1,0.00010207158871970557,5,UP,1,0.11848424561402171,0.5,0.6184842456140217,0.515,UP,True,0.5,0.48,
btc-updown-5m-1779900300,bitcoin,2026-05-27 16:45:00+00:00,300,89048.42173899985,75151.26,6.533572671740448e-05,5,UP,2,0.06836504893621997,0.485,0.55336504893622,0.5,UP,True,0.515,0.495,
eth-updown-5m-1779900300,ethereum,2026-05-27 16:45:00+00:00,300,7195.793407000006,2065.67,8.928704091225167e-05,5,UP,2,0.06686879505319498,0.515,0.581868795053195,0.53,UP,True,0.485,0.46499999999999997,
sol-updown-5m-1779900600,solana,2026-05-27 16:50:00+00:00,300,3557.774237,84.12,0.00010215453113725519,5,UP,1,0.05501496922718263,0.505,0.5600149692271826,0.52,UP,True,0.495,0.475,
btc-updown-5m-1779900600,bitcoin,2026-05-27 16:50:00+00:00,300,98600.7102789999,75203.64,6.353352281150324e-05,5,UP,1,0.13386039954648266,0.525,0.6588603995464827,0.54,UP,True,0.475,0.45499999999999996,
eth-updown-5m-1779900600,ethereum,2026-05-27 16:50:00+00:00,300,6616.858370000004,2067.57,8.925532928153312e-05,5,UP,1,0.15759776251998103,0.495,0.652597762519981,0.51,UP,True,0.505,0.485,
sol-updown-5m-1779900900,solana,2026-05-27 16:55:00+00:00,300,3024.5940879999985,84.16,0.00010064514640037327,5,UP,1,0.1350209627295864,0.485,0.6200209627295864,0.5,UP,True,0.515,0.495,
sol-updown-15m-1779900300,solana,2026-05-27 16:45:00+00:00,900,2117.3611370000003,84.1,0.00010207158871970557,15,UP,5,0.13338060187609846,0.405,0.5383806018760985,0.42000000000000004,UP,True,0.595,0.575,
btc-updown-5m-1779900900,bitcoin,2026-05-27 16:55:00+00:00,300,113715.42243499964,75279.26,5.976412727595557e-05,5,UP,1,0.14219957516979065,0.475,0.6171995751697906,0.49,UP,True,0.525,0.505,
eth-updown-5m-1779900900,ethereum,2026-05-27 16:55:00+00:00,300,8126.254412999999,2069.63,8.194773129288796e-05,5,UP,1,0.16637167440437367,0.465,0.6313716744043737,0.48000000000000004,UP,True,0.5349999999999999,0.515,
sol-updown-5m-1779901200,solana,2026-05-27 17:00:00+00:00,300,6261.18066,84.18,9.73009980331095e-05,5,DOWN,2,-0.49692308745477703,0.515,0.01807691254522298,0.5,DOWN,True,0.515,0.495,
btc-updown-5m-1779901200,bitcoin,2026-05-27 17:00:00+00:00,300,131266.68467799982,75304.01,6.0345040541694865e-05,5,DOWN,2,-0.5153379491841672,0.565,0.04966205081583275,0.45000000000000007,UP,False,-0.43500000000000005,-0.45500000000000007,
eth-updown-5m-1779901200,ethereum,2026-05-27 17:00:00+00:00,300,12512.497381000003,2070.14,8.222204588407785e-05,5,DOWN,1,-0.09398203259844007,0.475,0.3810179674015599,0.54,DOWN,True,0.475,0.45499999999999996,
btc-updown-5m-1779901500,bitcoin,2026-05-27 17:05:00+00:00,300,108788.83563099983,75333.31,6.236239397624507e-05,5,DOWN,2,-0.3921837171105983,0.505,0.11281628288940171,0.51,DOWN,True,0.505,0.485,
sol-updown-5m-1779901800,solana,2026-05-27 17:10:00+00:00,300,4028.1102529999976,83.71,0.00011478398917928357,5,DOWN,2,-0.3931934546017378,0.59,0.19680654539826214,0.42500000000000004,DOWN,True,0.59,0.57,
sol-updown-15m-1779901200,solana,2026-05-27 17:00:00+00:00,900,3182.716727000002,84.18,9.73009980331095e-05,15,DOWN,2,-0.36266062870013893,0.52,0.15733937129986109,0.495,DOWN,True,0.52,0.5,
btc-updown-5m-1779901800,bitcoin,2026-05-27 17:10:00+00:00,300,111064.82774599925,75121.05,6.606841780267805e-05,5,DOWN,2,-0.4219090606402316,0.595,0.17309093935976838,0.42000000000000004,DOWN,True,0.595,0.575,
eth-updown-15m-1779901200,ethereum,2026-05-27 17:00:00+00:00,900,11533.250914000004,2070.14,8.222204588407785e-05,15,DOWN,2,-0.29478230524005994,0.435,0.14021769475994006,0.58,DOWN,True,0.43500000000000005,0.41500000000000004,
eth-updown-5m-1779901800,ethereum,2026-05-27 17:10:00+00:00,300,8492.360965000007,2061.16,9.047987052856022e-05,5,UP,1,0.05930629430054579,0.575,0.6343062943005457,0.59,DOWN,False,-0.575,-0.595,
sol-updown-5m-1779902100,solana,2026-05-27 17:15:00+00:00,300,4057.7921419999966,83.38,0.00011824162564423818,5,DOWN,1,-0.4383403976688813,0.545,0.10665960233111876,0.47,UP,False,-0.45499999999999996,-0.475,
btc-updown-5m-1779902100,bitcoin,2026-05-27 17:15:00+00:00,300,125830.00026699986,74968.26,6.995039986439845e-05,5,DOWN,1,-0.2130244805478223,0.505,0.2919755194521777,0.51,DOWN,True,0.505,0.485,
eth-updown-5m-1779902100,ethereum,2026-05-27 17:15:00+00:00,300,19807.17032199999,2057.0,9.600420541089733e-05,5,DOWN,1,-0.25895378803275904,0.545,0.286046211967241,0.47,DOWN,True,0.545,0.525,
sol-updown-5m-1779902400,solana,2026-05-27 17:20:00+00:00,300,2936.5119889999987,83.45,0.00012218864726408276,5,UP,2,0.2479231565886051,0.645,0.8929231565886051,0.66,UP,True,0.355,0.33499999999999996,
btc-updown-5m-1779902400,bitcoin,2026-05-27 17:20:00+00:00,300,94545.21164899992,74964.76,6.415965313146004e-05,5,UP,2,0.30168844607204326,0.605,0.9066884460720432,0.62,UP,True,0.395,0.375,
sol-updown-15m-1779902100,solana,2026-05-27 17:15:00+00:00,900,3479.8242639999994,83.38,0.00011824162564423818,15,DOWN,1,-0.35664974807863564,0.61,0.25335025192136434,0.405,UP,False,-0.39,-0.41000000000000003,
btc-updown-5m-1779902700,bitcoin,2026-05-27 17:25:00+00:00,300,106600.74844399969,75043.24,6.582825733147473e-05,5,DOWN,2,-0.42877394131946955,0.575,0.1462260586805304,0.44000000000000006,DOWN,True,0.575,0.5549999999999999,
btc-updown-15m-1779902100,bitcoin,2026-05-27 17:15:00+00:00,900,69586.29719600001,74968.26,6.995039986439845e-05,15,DOWN,1,-0.15985384360224925,0.545,0.3851461563977508,0.47,UP,False,-0.45499999999999996,-0.475,
eth-updown-15m-1779902100,ethereum,2026-05-27 17:15:00+00:00,900,12012.579664000006,2057.0,9.600420541089733e-05,15,DOWN,1,-0.1982915332732501,0.58,0.38170846672674985,0.43500000000000005,UP,False,-0.42000000000000004,-0.44000000000000006,
btc-updown-5m-1779903000,bitcoin,2026-05-27 17:30:00+00:00,300,139357.44236100002,74997.3,7.120865489730671e-05,5,DOWN,1,-0.14801173134200707,0.525,0.37698826865799295,0.49,DOWN,True,0.525,0.505,
eth-updown-5m-1779903000,ethereum,2026-05-27 17:30:00+00:00,300,9137.326111999993,2058.82,9.129387304173637e-05,5,DOWN,1,-0.1733958546303906,0.515,0.3416041453696094,0.5,DOWN,True,0.515,0.495,
btc-updown-5m-1779903300,bitcoin,2026-05-27 17:35:00+00:00,300,67393.69451099986,74992.0,6.995464902037652e-05,5,DOWN,1,-0.20460027463631703,0.495,0.29039972536368297,0.52,UP,False,-0.505,-0.525,
sol-updown-5m-1779903600,solana,2026-05-27 17:40:00+00:00,300,3593.233235999999,83.66,0.00012480540059746272,5,DOWN,1,-0.2665881152943438,0.535,0.26841188470565625,0.48,DOWN,True,0.535,0.515,
btc-updown-5m-1779903600,bitcoin,2026-05-27 17:40:00+00:00,300,82965.27969899989,74996.0,7.168925404791786e-05,5,DOWN,1,-0.2144487203204205,0.505,0.2905512796795795,0.51,DOWN,True,0.505,0.485,
eth-updown-15m-1779903000,ethereum,2026-05-27 17:30:00+00:00,900,8476.262488999995,2058.82,9.129387304173637e-05,15,DOWN,1,-0.0909690029055848,0.505,0.4140309970944152,0.51,DOWN,True,0.505,0.485,
eth-updown-5m-1779903600,ethereum,2026-05-27 17:40:00+00:00,300,8208.752355000002,2058.68,8.796899266426379e-05,5,DOWN,1,-0.27574971801796255,0.525,0.24925028198203747,0.49,DOWN,True,0.525,0.505,
sol-updown-5m-1779903900,solana,2026-05-27 17:45:00+00:00,300,2464.7458070000025,83.45,0.00013331665131508454,5,UP,2,0.0714264596520593,0.585,0.6564264596520593,0.6,UP,True,0.41500000000000004,0.395,
btc-updown-5m-1779903900,bitcoin,2026-05-27 17:45:00+00:00,300,109695.14856799976,74908.0,7.403637613604736e-05,5,UP,2,0.11307453835357983,0.6,0.7130745383535798,0.615,UP,True,0.4,0.38,
eth-updown-5m-1779903900,ethereum,2026-05-27 17:45:00+00:00,300,7448.276203000003,2054.65,9.437384601835632e-05,5,UP,1,0.13812390431162025,0.49,0.6281239043116202,0.505,UP,True,0.51,0.49,
sol-updown-5m-1779904200,solana,2026-05-27 17:50:00+00:00,300,2018.637319,83.55,0.00013467197551961284,5,DOWN,1,-0.05526490107885973,0.51,0.4547350989211403,0.505,DOWN,True,0.51,0.49,
btc-updown-5m-1779904200,bitcoin,2026-05-27 17:50:00+00:00,300,99773.48931699978,74934.0,7.332566332718228e-05,5,UP,2,0.0620972284459308,0.545,0.6070972284459308,0.56,DOWN,False,-0.545,-0.5650000000000001,
eth-updown-5m-1779904200,ethereum,2026-05-27 17:50:00+00:00,300,8334.236832000004,2057.4,9.447746136672138e-05,5,UP,2,0.07067763001271887,0.525,0.5956776300127189,0.54,DOWN,False,-0.525,-0.545,
sol-updown-5m-1779904500,solana,2026-05-27 17:55:00+00:00,300,6550.429204999998,83.49,0.00013289061283900083,5,DOWN,1,-0.13888601109670162,0.57,0.43111398890329833,0.44500000000000006,DOWN,True,0.57,0.5499999999999999,
sol-updown-15m-1779903900,solana,2026-05-27 17:45:00+00:00,900,5073.035926000001,83.45,0.00013331665131508454,15,DOWN,1,-0.08922926720387525,0.59,0.5007707327961247,0.42500000000000004,DOWN,True,0.59,0.57,
btc-updown-5m-1779904500,bitcoin,2026-05-27 17:55:00+00:00,300,132939.0723669997,74897.09,7.25105196480725e-05,5,DOWN,1,-0.06230519987861094,0.535,0.4726948001213891,0.48,DOWN,True,0.535,0.515,
btc-updown-15m-1779903900,bitcoin,2026-05-27 17:45:00+00:00,900,74023.23988200004,74908.0,7.403637613604736e-05,15,DOWN,3,-0.17037226720887177,0.685,0.5146277327911283,0.32999999999999996,DOWN,True,0.685,0.665,
eth-updown-15m-1779903900,ethereum,2026-05-27 17:45:00+00:00,900,19924.870713000008,2054.65,9.437384601835632e-05,15,UP,2,0.051882995658555364,0.615,0.6668829956585554,0.63,DOWN,False,-0.615,-0.635,
eth-updown-5m-1779904500,ethereum,2026-05-27 17:55:00+00:00,300,16335.656767999992,2055.4,9.329811749967232e-05,5,DOWN,2,-0.5664733207848789,0.575,0.008526679215121069,0.44000000000000006,DOWN,True,0.575,0.5549999999999999,
sol-updown-5m-1779904800,solana,2026-05-27 18:00:00+00:00,300,3265.426974,83.4,0.0001382206348658616,5,DOWN,1,-0.0832191221220483,0.495,0.4117808778779517,0.52,DOWN,True,0.495,0.475,
btc-updown-5m-1779904800,bitcoin,2026-05-27 18:00:00+00:00,300,147299.5017249995,74860.42,7.655459029547943e-05,5,UP,2,0.11066672244096121,0.48,0.5906667224409612,0.495,UP,True,0.52,0.5,
sol-updown-5m-1779905100,solana,2026-05-27 18:05:00+00:00,300,4845.818046,83.38,0.00012849431241848406,5,DOWN,1,-0.07133880464271758,0.5,0.4286611953572824,0.515,DOWN,True,0.5,0.48,
btc-updown-5m-1779905100,bitcoin,2026-05-27 18:05:00+00:00,300,104301.87634299949,74867.12,7.251167627901666e-05,5,UP,4,0.39748416004911796,0.425,0.822484160049118,0.44,DOWN,False,-0.425,-0.445,
eth-updown-5m-1779905100,ethereum,2026-05-27 18:05:00+00:00,300,12400.241080000007,2051.21,0.00010533125056314814,5,DOWN,1,-0.10168141935398173,0.525,0.4233185806460183,0.49,DOWN,True,0.525,0.505,
sol-updown-5m-1779905400,solana,2026-05-27 18:10:00+00:00,300,5906.744101999999,83.35,0.00012439068626316646,5,UP,1,0.2084164131504177,0.525,0.7334164131504177,0.54,DOWN,False,-0.525,-0.545,
sol-updown-15m-1779904800,solana,2026-05-27 18:00:00+00:00,900,3660.9136559999956,83.4,0.0001382206348658616,15,DOWN,1,-0.06686703355419499,0.52,0.45313296644580503,0.495,DOWN,True,0.52,0.5,
btc-updown-5m-1779905400,bitcoin,2026-05-27 18:10:00+00:00,300,123689.50384399982,74783.66,7.504159173821348e-05,5,UP,1,0.1980936015601915,0.505,0.7030936015601915,0.52,DOWN,False,-0.505,-0.525,
eth-updown-15m-1779904800,ethereum,2026-05-27 18:00:00+00:00,900,11440.861415,2052.27,0.00011174391187473397,15,DOWN,1,-0.12545793324715915,0.545,0.4195420667528409,0.47,DOWN,True,0.545,0.525,
eth-updown-5m-1779905400,ethereum,2026-05-27 18:10:00+00:00,300,10099.687297000006,2048.82,0.00010880151894328825,5,UP,1,0.130538379894789,0.525,0.655538379894789,0.54,DOWN,False,-0.525,-0.545,
sol-updown-5m-1779905700,solana,2026-05-27 18:15:00+00:00,300,2768.887539,83.36,0.00012463259571805096,5,DOWN,1,-0.10856576727083606,0.535,0.426434232729164,0.48,UP,False,-0.46499999999999997,-0.485,
btc-updown-5m-1779905700,bitcoin,2026-05-27 18:15:00+00:00,300,108488.48267899995,74738.0,7.460330682851529e-05,5,UP,3,0.35204228719392616,0.525,0.8770422871939262,0.54,UP,True,0.475,0.45499999999999996,
eth-updown-5m-1779905700,ethereum,2026-05-27 18:15:00+00:00,300,11191.416622000004,2046.44,0.00010971202991202117,5,DOWN,1,-0.05777965764858439,0.565,0.5072203423514156,0.45000000000000007,UP,False,-0.43500000000000005,-0.45500000000000007,
sol-updown-5m-1779906000,solana,2026-05-27 18:20:00+00:00,300,5097.925297999999,83.5,0.00012237544458149657,5,DOWN,1,-0.1855492562787307,0.515,0.3294507437212693,0.5,UP,False,-0.485,-0.505,
btc-updown-5m-1779906000,bitcoin,2026-05-27 18:20:00+00:00,300,101860.03938299962,74840.0,7.626894910519986e-05,5,DOWN,1,-0.20842733302891026,0.51,0.30157266697108975,0.505,UP,False,-0.49,-0.51,
eth-updown-5m-1779906000,ethereum,2026-05-27 18:20:00+00:00,300,8415.294202,2049.71,0.00011085730730570324,5,DOWN,1,-0.18722835839076335,0.495,0.30777164160923665,0.52,UP,False,-0.505,-0.525,
sol-updown-5m-1779906300,solana,2026-05-27 18:25:00+00:00,300,2581.563800999998,83.51,0.00012128268425315531,5,DOWN,3,-0.16473498560681366,0.665,0.5002650143931864,0.35,UP,False,-0.33499999999999996,-0.355,
sol-updown-15m-1779905700,solana,2026-05-27 18:15:00+00:00,900,1825.664711999999,83.36,0.00012463259571805096,15,DOWN,1,-0.05397125054810281,0.515,0.4610287494518972,0.5,UP,False,-0.485,-0.505,
btc-updown-5m-1779906300,bitcoin,2026-05-27 18:25:00+00:00,300,86004.76370899983,74866.3,7.604804407582607e-05,5,UP,1,0.05736597202791738,0.495,0.5523659720279174,0.51,UP,True,0.505,0.485,
eth-updown-15m-1779905700,ethereum,2026-05-27 18:15:00+00:00,900,10217.671914000013,2046.44,0.00010971202991202117,15,DOWN,1,-0.0606873881597807,0.565,0.5043126118402192,0.45000000000000007,UP,False,-0.43500000000000005,-0.45500000000000007,
eth-updown-5m-1779906300,ethereum,2026-05-27 18:25:00+00:00,300,8902.650248999998,2051.2,0.000112467010919039,5,UP,1,0.06796696636988198,0.535,0.602966966369882,0.55,UP,True,0.46499999999999997,0.44499999999999995,
btc-updown-5m-1779906600,bitcoin,2026-05-27 18:30:00+00:00,300,88559.12524099981,74903.49,7.018695391026406e-05,5,DOWN,2,-0.0985544256013886,0.56,0.46144557439861145,0.45499999999999996,UP,False,-0.43999999999999995,-0.45999999999999996,
eth-updown-5m-1779906600,ethereum,2026-05-27 18:30:00+00:00,300,9521.939467,2052.21,0.00011008613964305545,5,DOWN,2,-0.11136232456460426,0.505,0.39363767543539574,0.51,DOWN,True,0.505,0.485,
btc-updown-5m-1779906900,bitcoin,2026-05-27 18:35:00+00:00,300,104121.0551119998,74914.01,6.750210465648071e-05,5,DOWN,3,-0.12254054526374464,0.455,0.3324594547362554,0.5599999999999999,UP,False,-0.5449999999999999,-0.565,
sol-updown-15m-1779906600,solana,2026-05-27 18:30:00+00:00,900,1704.7405569999999,83.53,0.00011551135208742012,15,UP,1,0.07066779656033623,0.43,0.5006677965603362,0.445,UP,True,0.5700000000000001,0.5499999999999999,
btc-updown-5m-1779907200,bitcoin,2026-05-27 18:40:00+00:00,300,99869.97853599994,74932.33,6.59330290417044e-05,5,UP,2,0.16701268539415093,0.495,0.6620126853941509,0.51,UP,True,0.505,0.485,
eth-updown-15m-1779906600,ethereum,2026-05-27 18:30:00+00:00,900,10487.435149,2052.21,0.00011008613964305545,15,UP,5,0.08040129534290424,0.405,0.48540129534290427,0.42000000000000004,UP,True,0.595,0.575,
btc-updown-5m-1779907500,bitcoin,2026-05-27 18:45:00+00:00,300,185030.11977899956,74985.78,6.312697072461975e-05,5,DOWN,2,-0.062473603364301133,0.405,0.3425263966356989,0.61,DOWN,True,0.405,0.385,
sol-updown-5m-1779907800,solana,2026-05-27 18:50:00+00:00,300,4025.4011550000005,83.67,0.0001033192880191521,5,UP,2,0.24076278564527565,0.565,0.8057627856452756,0.58,UP,True,0.43500000000000005,0.41500000000000004,
btc-updown-5m-1779907800,bitcoin,2026-05-27 18:50:00+00:00,300,153268.9495849997,74988.0,6.24408371271883e-05,5,UP,2,0.40735442638073044,0.295,0.7023544263807304,0.31,DOWN,False,-0.295,-0.315,
btc-updown-5m-1779908100,bitcoin,2026-05-27 18:55:00+00:00,300,89710.81949799978,74983.36,6.313718157236992e-05,5,UP,1,0.15629098537079378,0.505,0.6612909853707938,0.52,UP,True,0.495,0.475,
eth-updown-15m-1779907500,ethereum,2026-05-27 18:45:00+00:00,900,6780.013835,2054.47,0.00010322595148754758,15,UP,1,0.07092102841677572,0.475,0.5459210284167757,0.49,UP,True,0.525,0.505,
sol-updown-5m-1779908400,solana,2026-05-27 19:00:00+00:00,300,2011.5424310000012,83.94,9.8305502976113e-05,5,DOWN,1,-0.1146962169916248,0.615,0.5003037830083752,0.4,UP,False,-0.385,-0.405,
btc-updown-5m-1779908400,bitcoin,2026-05-27 19:00:00+00:00,300,105689.0909549996,75026.67,5.6831439708355005e-05,5,DOWN,1,-0.12624628017487965,0.535,0.4087537198251204,0.48,UP,False,-0.46499999999999997,-0.485,
eth-updown-5m-1779908400,ethereum,2026-05-27 19:00:00+00:00,300,12507.197196999989,2056.72,8.024039362120401e-05,5,DOWN,1,-0.14566191417425495,0.535,0.3893380858257451,0.48,UP,False,-0.46499999999999997,-0.485,
sol-updown-5m-1779908700,solana,2026-05-27 19:05:00+00:00,300,4546.961342000001,84.03,9.672860162272363e-05,5,DOWN,3,-0.05266581962029754,0.34,0.2873341803797025,0.6749999999999999,UP,False,-0.6599999999999999,-0.6799999999999999,
btc-updown-5m-1779908700,bitcoin,2026-05-27 19:05:00+00:00,300,110494.8971409995,75051.9,5.445232181856102e-05,5,DOWN,2,-0.08648974528164083,0.445,0.3585102547183592,0.57,DOWN,True,0.44500000000000006,0.42500000000000004,
eth-updown-5m-1779908700,ethereum,2026-05-27 19:05:00+00:00,300,7589.361146,2058.14,7.919124842263139e-05,5,DOWN,4,-0.05445290164125022,0.065,0.010547098358749785,0.9500000000000001,DOWN,True,0.06499999999999995,0.044999999999999936,
sol-updown-5m-1779909000,solana,2026-05-27 19:10:00+00:00,300,2122.7028410000003,84.04,8.844856697433413e-05,5,DOWN,1,-0.18865575508009746,0.49,0.3013442449199025,0.525,UP,False,-0.51,-0.53,
btc-updown-5m-1779909000,bitcoin,2026-05-27 19:10:00+00:00,300,121424.62460799966,75012.0,5e-05,5,DOWN,1,-0.2171137617348295,0.465,0.24788623826517053,0.5499999999999999,UP,False,-0.5349999999999999,-0.5549999999999999,
eth-updown-5m-1779909000,ethereum,2026-05-27 19:10:00+00:00,300,8946.436069999996,2056.21,7.003723223437086e-05,5,DOWN,1,-0.23381989596634623,0.505,0.2711801040336538,0.51,UP,False,-0.495,-0.515,
sol-updown-5m-1779909300,solana,2026-05-27 19:15:00+00:00,300,1768.3784149999994,84.14,7.523158016671115e-05,5,DOWN,2,-0.20124625878884206,0.28,0.07875374121115797,0.735,DOWN,True,0.28,0.26,
btc-updown-5m-1779909300,bitcoin,2026-05-27 19:15:00+00:00,300,113273.42060599955,75048.6,5e-05,5,UP,1,0.07908789520189652,0.51,0.5890878952018965,0.525,DOWN,False,-0.51,-0.53,
btc-updown-5m-1779909600,bitcoin,2026-05-27 19:20:00+00:00,300,101024.21479399987,75004.01,5e-05,5,UP,1,0.05572686257136794,0.5,0.5557268625713679,0.515,UP,True,0.5,0.48,
eth-updown-5m-1779909600,ethereum,2026-05-27 19:20:00+00:00,300,8718.193687000003,2056.21,5.7990314003747393e-05,5,UP,1,0.0850950440170174,0.505,0.5900950440170174,0.52,UP,True,0.495,0.475,
btc-updown-5m-1779909900,bitcoin,2026-05-27 19:25:00+00:00,300,95231.36272399977,75084.25,5e-05,5,DOWN,1,-0.15684471023155716,0.485,0.3281552897684428,0.53,DOWN,True,0.485,0.46499999999999997,
eth-updown-15m-1779909300,ethereum,2026-05-27 19:15:00+00:00,900,6263.235992000002,2058.24,6.206102630259388e-05,15,UP,1,0.0507464980588343,0.455,0.5057464980588343,0.47000000000000003,DOWN,False,-0.455,-0.47500000000000003,
btc-updown-5m-1779910200,bitcoin,2026-05-27 19:30:00+00:00,300,177050.52522699966,75039.89,5e-05,5,UP,1,0.0610774479511087,0.505,0.5660774479511087,0.52,UP,True,0.495,0.475,
eth-updown-5m-1779910200,ethereum,2026-05-27 19:30:00+00:00,300,12187.329660000007,2058.09,5.2579147261891794e-05,5,UP,1,0.14371163309641954,0.485,0.6287116330964195,0.5,UP,True,0.515,0.495,
sol-updown-5m-1779910500,solana,2026-05-27 19:35:00+00:00,300,2792.430831999999,84.03,7.348749089327789e-05,5,DOWN,1,-0.06140276632549252,0.52,0.4585972336745075,0.495,DOWN,True,0.52,0.5,
btc-updown-5m-1779910500,bitcoin,2026-05-27 19:35:00+00:00,300,116123.8690399997,75040.21,5e-05,5,DOWN,1,-0.054883152594920714,0.495,0.4401168474050793,0.52,UP,False,-0.505,-0.525,
eth-updown-5m-1779910500,ethereum,2026-05-27 19:35:00+00:00,300,11742.121382000001,2059.28,5.395993421808961e-05,5,UP,3,0.3381913618709649,0.545,0.8831913618709649,0.56,UP,True,0.45499999999999996,0.43499999999999994,
sol-updown-15m-1779910200,solana,2026-05-27 19:30:00+00:00,900,4702.569479,83.96,7.153276798559013e-05,15,UP,1,0.08625640606806129,0.505,0.5912564060680613,0.52,UP,True,0.495,0.475,
eth-updown-15m-1779910200,ethereum,2026-05-27 19:30:00+00:00,900,6327.364359000004,2058.09,5.2579147261891794e-05,15,UP,1,0.10489404378674178,0.465,0.5698940437867418,0.48000000000000004,DOWN,False,-0.465,-0.48500000000000004,
btc-updown-5m-1779911100,bitcoin,2026-05-27 19:45:00+00:00,300,131581.75584799962,75012.27,5e-05,5,DOWN,1,-0.2504127226259341,0.575,0.32458727737406584,0.44000000000000006,DOWN,True,0.575,0.5549999999999999,
eth-updown-5m-1779911100,ethereum,2026-05-27 19:45:00+00:00,300,7615.757496999999,2057.0,5.000435865989923e-05,5,DOWN,1,-0.3801082643215203,0.555,0.17489173567847976,0.45999999999999996,DOWN,True,0.555,0.535,
btc-updown-5m-1779911400,bitcoin,2026-05-27 19:50:00+00:00,300,60960.34051699992,74971.2,5e-05,5,UP,1,0.2180515369100695,0.495,0.7130515369100695,0.51,UP,True,0.505,0.485,
sol-updown-15m-1779911100,solana,2026-05-27 19:45:00+00:00,900,2322.917055,83.96,6.718551137875174e-05,15,DOWN,1,-0.12330243176540978,0.575,0.4516975682345902,0.44000000000000006,DOWN,True,0.575,0.5549999999999999,
btc-updown-5m-1779911700,bitcoin,2026-05-27 19:55:00+00:00,300,94922.27456599982,75057.53,5e-05,5,DOWN,4,-0.1709301329114873,0.705,0.5340698670885127,0.31000000000000005,UP,False,-0.29500000000000004,-0.31500000000000006,
